Gn;SiO2;Al2O3;Fe2O3;CaO;SO3;K2O;Na2O;Dansite;s.CaO;C3S;C2S;C3A;C4AF;Alk Eq.;Toplam Alkali;Blaine;1 Gn;2 Gn;7 Gn;28 Gn
;;Min.      5,50;Max.   3,60;;;;;;;62,0;;;;;;;min 13,0;min.23,0;min.38;min.52,0
01.12.2022;;;;;;;;;;;;;;;;;;;;
02.12.2022;;;;;;;;;;;;;;;;;;;;
03.12.2022;;;;;;;;;;;;;;;;;;;;
04.12.2022;;;;;;;;;;;;;;;;;;;;
05.12.2022;;;;;;;;;;;;;;;;;;;;
06.12.2022;;;;;;;;;;;;;;;;;;;;
07.12.2022;;;;;;;;;;;;;;;;;;;;
08.12.2022;;;;;;;;;;;;;;;;;;;;
09.12.2022;;;;;;;;;;;;;;;;;;;;
10.12.2022;;;;;;;;;;;;;;;;;;;;
11.12.2022;;;;;;;;;;;;;;;;;;;;
12.12.2022;;;;;;;;;;;;;;;;;;;;
13.12.2022;;;;;;;;;;;;;;;;;;;;
14.12.2022;;;;;;;;;;;;;;;;;;;;
15.12.2022;;;;;;;;;;;;;;;;;;;;
16.12.2022;21,08;6,25;3,56;65,84;0,85;0,55;0,12;1268;0,51;56,24;18,03;10,55;10,83;0,48;0,73;3021;12,10;21,30;36,10;54,30
17.12.2022;20,87;6,03;3,50;66,54;0,73;0,52;0,04;1206;0,71;61,78;13,26;10,06;10,65;0,38;0,58;2987;12,60;23,00;41,70;55,40
18.12.2022;20,87;5,98;3,53;66,58;0,66;0,51;0,04;1204;0,51;63,24;12,15;9,88;10,74;0,38;0,57;2975;13,70;23,20;39,80;55,70
19.12.2022;20,91;5,71;3,53;66,73;0,75;0,50;0,09;1178;0,50;65,15;10,83;9,17;10,74;0,42;0,64;2985;13,20;22,80;37,90;54,40
20.12.2022;20,90;5,76;3,61;66,58;0,71;0,49;0,10;1228;0,59;63,91;11,73;9,16;10,99;0,42;0,64;2974;13,00;23,30;40,10;55,10
21.12.2022;21,06;5,64;3,69;66,82;0,58;0,45;0,07;1216;0,49;65,14;11,26;8,71;11,23;0,37;0,56;3090;12,20;22,60;38,70;54,60
22.12.2022;21,36;5,80;3,65;66,26;0,59;0,49;0,10;1260;0,46;59,66;16,26;9,20;11,11;0,42;0,64;3050;11,90;20,30;35,70;56,80
23.12.2022;21,31;5,80;3,56;66,50;0,56;0,48;0,07;1222;0,49;61,11;15,02;9,35;10,83;0,39;0,59;3040;12,70;21,90;36,70;54,10
24.12.2022;21,11;5,65;3,60;66,76;0,59;0,46;0,12;1205;0,48;64,59;11,82;8,89;10,95;0,42;0,64;3048;11,20;22,10;38,00;53,40
25.12.2022;21,42;5,74;3,58;66,39;0,64;0,48;0,05;1173;0,49;59,97;16,19;9,16;10,89;0,37;0,56;2977;13,90;22,90;36,60;53,30
26.12.2022;21,04;5,71;3,57;66,70;0,67;0,48;0,07;1185;0,50;64,21;11,91;9,10;10,86;0,39;0,59;3079;13,50;23,20;38,20;55,10
27.12.2022;21,26;5,70;3,61;66,50;0,70;0,44;0,07;1165;1,45;57,78;17,39;9,00;10,99;0,36;0,55;3080;14,10;22,80;36,10;51,40
28.12.2022;21,09;5,78;3,70;66,47;0,71;0,44;0,06;1211;0,66;61,47;14,11;9,06;11,26;0,35;0,53;3075;13,10;23,20;39,20;57,30
29.12.2022;20,97;5,78;3,70;66,58;0,69;0,46;0,08;1221;0,60;63,13;12,52;9,06;11,26;0,38;0,58;3024;13,70;23,40;39,00;55,80
30.12.2022;20,97;5,80;3,55;66,55;0,70;0,50;0,12;1202;0,62;62,98;12,63;9,37;10,80;0,45;0,68;3017;14,10;22,70;37,90;55,30
31.12.2022;20,95;5,85;3,52;66,54;0,77;0,51;0,11;1187;0,73;62,15;13,20;9,55;10,71;0,45;0,68;2990;14,20;22,30;36,30;52,90
01.01.2023;21,05;5,82;3,52;66,73;0,65;0,50;0,05;1166;1,37;60,10;15,03;9,47;10,71;0,38;0,58;3045;13,60;22,40;35,80;52,90
02.01.2023;20,92;5,69;3,53;66,69;0,80;0,53;0,06;1191;0,89;63,32;12,24;9,11;10,74;0,41;0,62;3005;13,70;22,80;38,80;52,90
03.01.2023;21,04;5,76;3,55;66,39;0,80;0,52;0,13;1222;0,76;61,21;14,17;9,26;10,80;0,47;0,72;2990;13,40;21,80;36,00;52,00
04.01.2023;20,83;5,75;3,61;66,83;0,73;0,46;0,05;1189;0,79;64,66;10,97;9,14;10,99;0,35;0,54;2980;13,70;23,50;38,90;54,00
05.01.2023;20,97;5,69;3,54;66,61;0,83;0,47;0,10;1158;1,06;61,82;13,51;9,10;10,77;0,41;0,62;3026;14,50;23,70;40,60;54,20
06.01.2023;21,05;5,77;3,56;66,29;0,87;0,53;0,06;1208;0,75;60,49;14,74;9,27;10,83;0,41;0,62;2970;13,10;22,10;36,40;53,20
07.01.2023;20,98;5,90;3,41;66,53;0,75;0,51;0,11;1186;0,87;61,19;14,01;9,87;10,38;0,45;0,68;2969;13,50;21,80;38,40;53,50
08.01.2023;20,93;5,79;3,44;66,72;0,74;0,53;0,09;1175;0,91;62,91;12,57;9,53;10,47;0,44;0,67;3001;15,20;24,40;39,10;55,40
09.01.2023;21,08;5,79;3,48;66,78;0,60;0,51;0,05;1185;1,16;61,34;14,19;9,46;10,59;0,39;0,59;2987;14,20;22,80;38,40;53,50
10.01.2023;21,05;5,72;3,36;66,82;0,63;0,52;0,16;1150;1,10;62,53;13,20;9,48;10,22;0,50;0,76;3067;15,30;24,50;37,50;54,30
11.01.2023;21,11;5,82;3,50;66,70;0,60;0,44;0,07;1210;0,80;62,02;13,76;9,51;10,65;0,36;0,55;3085;15,00;24,70;38,80;55,50
12.01.2023;21,15;5,99;3,54;66,59;0,58;0,42;0,07;1134;1,30;58,09;16,84;9,89;10,77;0,35;0,53;2990;15,30;24,10;39,90;54,70
13.01.2023;21,19;5,91;3,62;66,43;0,71;0,43;0,08;1127;1,00;58,41;16,71;9,54;11,02;0,36;0,55;3044;15,20;24,30;39,80;55,90
14.01.2023;20,78;6,05;3,49;66,94;0,61;0,42;0,07;1128;0,99;63,17;11,95;10,13;10,62;0,35;0,53;3096;16,00;26,00;42,10;57,30
15.01.2023;20,93;5,92;3,44;67,16;0,49;0,39;0,07;1162;1,01;64,13;11,65;9,87;10,47;0,33;0,50;3099;16,20;26,80;42,30;59,00
16.01.2023;20,99;5,99;3,54;66,80;0,57;0,41;0,07;1148;0,79;62,26;13,23;9,89;10,77;0,34;0,52;2982;14,10;24,20;41,50;57,90
17.01.2023;21,04;6,06;3,53;66,56;0,63;0,42;0,08;1189;0,62;60,97;14,35;10,09;10,74;0,36;0,54;3090;14,40;24,80;40,80;55,00
18.01.2023;21,20;6,01;3,45;66,59;0,57;0,44;0,08;1233;0,50;60,99;14,80;10,10;10,50;0,37;0,56;3042;14,60;23,60;41,90;59,40
19.01.2023;20,77;5,48;3,48;67,34;0,71;0,45;0,05;1178;0,66;69,78;6,94;8,64;10,59;0,35;0,53;3019;15,80;24,80;43,40;56,20
20.01.2023;20,99;5,57;3,60;66,89;0,70;0,45;0,06;1240;0,70;65,36;10,90;8,68;10,95;0,36;0,54;3006;13,20;24,90;41,60;57,30
21.01.2023;20,83;5,45;3,88;66,81;0,78;0,44;0,05;1167;0,65;66,63;9,48;7,89;11,81;0,34;0,52;2987;13,40;23,60;40,70;58,20
22.01.2023;20,79;5,47;3,85;66,68;0,83;0,48;0,11;1203;0,82;65,48;10,23;7,99;11,72;0,43;0,65;3065;14,00;24,90;42,60;58,80
23.01.2023;20,55;5,68;4,00;66,76;0,76;0,47;0,05;1224;0,77;66,41;8,84;8,29;12,17;0,36;0,55;3018;13,30;24,40;40,70;57,30
24.01.2023;20,95;5,65;3,90;66,51;0,74;0,46;0,05;1255;0,52;63,77;11,98;8,38;11,87;0,35;0,54;2978;14,30;23,90;39,30;56,30
25.01.2023;20,87;5,61;3,80;66,75;0,68;0,45;0,09;1260;0,62;65,53;10,42;8,44;11,56;0,39;0,59;3022;14,60;25,50;43,20;59,70
26.01.2023;20,94;5,39;3,79;67,14;0,64;0,38;0,08;1197;0,66;68,03;8,74;7,88;11,53;0,33;0,50;3032;14,10;24,00;43,90;58,90
27.01.2023;21,07;5,50;3,96;66,70;0,65;0,38;0,04;1182;0,59;64,53;11,75;7,88;12,05;0,29;0,44;2987;13,50;23,50;38,50;55,90
28.01.2023;21,19;5,66;4,06;66,36;0,66;0,37;0,08;1222;0,59;60,98;14,77;8,14;12,35;0,32;0,49;2989;14,20;23,50;40,50;57,30
29.01.2023;21,04;5,81;3,99;66,52;0,62;0,36;0,12;1243;0,48;62,43;13,25;8,65;12,14;0,36;0,54;3034;14,00;23,10;38,70;58,10
30.01.2023;21,29;5,63;3,76;66,66;0,66;0,38;0,05;1208;0,56;62,20;14,14;8,57;11,44;0,30;0,46;3028;14,90;23,70;41,20;58,30
31.01.2023;20,87;5,57;3,86;66,83;0,76;0,40;0,11;1176;0,74;65,32;10,58;8,24;11,75;0,37;0,57;2993;14,80;24,40;42,40;58,90
01.02.2023;20,87;5,46;3,90;66,78;0,82;0,40;0,06;1180;0,64;66,04;10,04;7,88;11,87;0,32;0,49;3055;13,50;23,80;41,60;58,90
02.02.2023;20,69;5,72;4,04;66,48;0,85;0,40;0,07;1213;0,72;63,83;11,19;8,33;12,29;0,33;0,51;3009;13,40;23,60;41,20;57,60
03.02.2023;20,78;5,51;4,06;66,64;0,88;0,39;0,05;1192;0,73;65,05;10,53;7,74;12,35;0,31;0,47;3000;13,20;23,20;39,20;56,70
04.02.2023;20,82;5,79;3,97;66,44;0,80;0,42;0,09;1205;0,58;63,02;12,18;8,63;12,08;0,37;0,56;3009;14,70;23,00;39,70;54,80
05.02.2023;21,06;5,94;3,89;66,06;0,77;0,45;0,05;1241;0,48;59,25;15,71;9,17;11,84;0,35;0,53;3021;13,80;23,30;37,50;57,10
06.02.2023;20,98;5,69;3,81;66,31;0,91;0,43;0,11;1269;0,55;61,98;13,41;8,64;11,59;0,39;0,60;3095;13,80;22,90;37,90;56,40
07.02.2023;20,77;5,47;3,93;66,89;0,78;0,40;0,08;1181;0,69;67,05;8,99;7,85;11,96;0,34;0,52;3010;12,40;23,00;38,70;56,40
08.02.2023;21,05;5,55;3,82;66,67;0,77;0,42;0,06;1219;0,50;64,45;11,76;8,25;11,62;0,34;0,51;2990;12,90;22,30;38,80;56,60
09.02.2023;;;;;;;;;;;;;;;;;;;;
10.02.2023;;;;;;;;;;;;;;;;;;;;
11.02.2023;;;;;;;;;;;;;;;;;;;;
12.02.2023;;;;;;;;;;;;;;;;;;;;
13.02.2023;;;;;;;;;;;;;;;;;;;;
14.02.2023;;;;;;;;;;;;;;;;;;;;
15.02.2023;;;;;;;;;;;;;;;;;;;;
16.02.2023;;;;;;;;;;;;;;;;;;;;
17.02.2023;;;;;;;;;;;;;;;;;;;;
18.02.2023;;;;;;;;;;;;;;;;;;;;
19.02.2023;;;;;;;;;;;;;;;;;;;;
20.02.2023;;;;;;;;;;;;;;;;;;;;
21.02.2023;;;;;;;;;;;;;;;;;;;;
22.02.2023;;;;;;;;;;;;;;;;;;;;
23.02.2023;;;;;;;;;;;;;;;;;;;;
24.02.2023;;;;;;;;;;;;;;;;;;;;
25.02.2023;;;;;;;;;;;;;;;;;;;;
26.02.2023;;;;;;;;;;;;;;;;;;;;
27.02.2023;;;;;;;;;;;;;;;;;;;;
28.02.2023;;;;;;;;;;;;;;;;;;;;
01.03.2023;;;;;;;;;;;;;;;;;;;;
02.03.2023;;;;;;;;;;;;;;;;;;;;
03.03.2023;;;;;;;;;;;;;;;;;;;;
04.03.2023;;;;;;;;;;;;;;;;;;;;
05.03.2023;;;;;;;;;;;;;;;;;;;;
06.03.2023;;;;;;;;;;;;;;;;;;;;
07.03.2023;;;;;;;;;;;;;;;;;;;;
08.03.2023;;;;;;;;;;;;;;;;;;;;
09.03.2023;;;;;;;;;;;;;;;;;;;;
10.03.2023;;;;;;;;;;;;;;;;;;;;
11.03.2023;;;;;;;;;;;;;;;;;;;;
12.03.2023;;;;;;;;;;;;;;;;;;;;
13.03.2023;;;;;;;;;;;;;;;;;;;;
14.03.2023;;;;;;;;;;;;;;;;;;;;
15.03.2023;;;;;;;;;;;;;;;;;;;;
16.03.2023;;;;;;;;;;;;;;;;;;;;
17.03.2023;;;;;;;;;;;;;;;;;;;;
18.03.2023;20,97;5,93;3,60;66,30;0,95;0,42;0,09;1206;0,69;60,02;14,86;9,63;10,95;0,37;0,56;2986;15,80;23,70;39,80;55,90
19.03.2023;21,40;5,35;3,73;66,25;0,90;0,41;0,09;1167;0,54;61,01;15,35;7,87;11,35;0,36;0,55;3017;14,30;24,00;38,50;55,10
20.03.2023;20,92;5,94;3,38;66,48;0,94;0,52;0,10;1187;0,58;61,86;13,34;10,03;10,29;0,44;0,67;3053;15,50;23,60;39,90;56,30
21.03.2023;20,99;5,97;3,44;66,25;1,04;0,50;0,06;1125;0,60;59,74;15,14;10,01;10,47;0,39;0,59;2988;14,40;23,50;41,40;57,40
22.03.2023;21,15;6,13;3,40;66,20;0,86;0,51;0,09;1171;0,55;58,01;16,89;10,50;10,35;0,43;0,65;2970;14,40;23,60;40,20;54,60
23.03.2023;20,98;6,07;3,39;66,51;0,82;0,51;0,07;1164;0,55;61,10;14,08;10,36;10,32;0,41;0,62;3004;13,50;23,40;40,60;54,40
24.03.2023;21,07;6,12;3,32;66,52;0,73;0,49;0,09;1187;0,51;60,64;14,68;10,61;10,10;0,41;0,63;3014;13,20;24,50;41,70;58,50
25.03.2023;21,18;5,49;3,36;67,09;0,71;0,48;0,05;1132;0,61;65,95;11,00;8,87;10,22;0,37;0,56;3027;14,90;24,00;41,40;54,70
26.03.2023;20,92;6,01;3,44;66,77;0,71;0,45;0,09;1125;0,69;62,69;12,71;10,11;10,47;0,39;0,59;3009;14,40;23,30;41,80;56,30
27.03.2023;20,97;5,98;3,48;66,84;0,62;0,44;0,07;1157;0,71;62,91;12,68;9,97;10,59;0,36;0,55;3037;14,00;24,60;43,80;57,70
28.03.2023;21,12;5,51;3,53;66,92;0,73;0,47;0,08;1148;0,63;65,20;11,39;8,64;10,74;0,39;0,59;3027;15,80;25,60;42,90;59,40
29.03.2023;20,86;6,01;3,56;66,66;0,73;0,44;0,09;1150;0,58;62,92;12,37;9,91;10,83;0,38;0,58;3000;13,70;23,50;40,20;55,40
30.03.2023;21,10;5,89;3,41;66,83;0,65;0,43;0,08;1175;0,65;62,75;13,18;9,85;10,38;0,36;0,55;3032;12,60;22,60;38,90;54,20
31.03.2023;21,32;5,96;3,61;66,49;0,59;0,41;0,10;1183;0,53;59,60;16,19;9,69;10,99;0,37;0,56;3064;12,50;22,10;36,50;55,30
01.04.2023;21,24;6,12;3,39;66,38;0,64;0,52;0,07;1198;0,50;58,98;16,43;10,49;10,32;0,41;0,63;3004;13,80;23,20;38,10;53,30
02.04.2023;20,93;6,20;3,44;66,51;0,69;0,53;0,09;1194;0,54;60,95;14,05;10,62;10,47;0,44;0,67;3092;15,70;24,50;38,50;53,40
03.04.2023;21,22;6,24;3,25;66,20;0,80;0,54;0,07;1200;0,55;57,13;17,76;11,04;9,89;0,43;0,65;3037;14,90;23,60;36,60;53,70
04.04.2023;21,18;5,95;3,11;66,53;0,88;0,53;0,07;1165;0,65;60,29;15,26;10,51;9,46;0,42;0,64;3027;14,40;23,00;38,70;53,20
05.04.2023;21,36;5,63;3,33;66,41;0,87;0,54;0,05;1168;0,54;60,75;15,44;9,29;10,13;0,41;0,62;2994;15,80;23,80;36,70;52,30
06.04.2023;21,23;5,69;3,54;66,36;0,86;0,53;0,04;1136;0,71;60,16;15,50;9,10;10,77;0,39;0,59;2980;15,50;23,50;36,20;51,40
07.04.2023;21,16;5,51;3,44;66,53;0,92;0,52;0,04;1154;0,62;62,94;13,21;8,79;10,47;0,38;0,58;2987;14,60;23,70;39,30;54,60
08.04.2023;21,14;5,71;3,52;66,65;0,79;0,49;0,04;1177;0,55;62,77;13,28;9,18;10,71;0,36;0,55;3029;14,00;22,00;38,60;52,90
09.04.2023;21,14;5,49;3,70;66,61;0,87;0,44;0,05;1165;0,59;63,44;12,77;8,30;11,26;0,34;0,52;2992;14,00;22,60;38,50;56,50
10.04.2023;20,93;5,61;3,81;66,34;1,14;0,45;0,05;1165;0,55;62,37;12,98;8,43;11,59;0,35;0,53;2984;14,70;22,50;36,90;54,20
11.04.2023;20,89;5,54;3,72;66,80;0,95;0,44;0,04;1151;0,67;65,20;10,73;8,39;11,32;0,33;0,50;2973;15,20;23,30;36,80;53,60
12.04.2023;21,09;5,56;3,66;66,53;0,95;0,49;0,04;1140;0,64;62,65;13,23;8,55;11,14;0,36;0,55;3006;14,50;21,70;32,70;49,20
13.04.2023;20,75;5,41;3,69;66,83;1,04;0,47;0,07;1123;1,07;65,41;10,17;8,10;11,23;0,38;0,58;2988;15,80;23,60;39,80;53,50
14.04.2023;20,92;5,63;3,72;66,33;1,07;0,51;0,06;1156;0,99;60,80;14,13;8,63;11,32;0,40;0,60;2975;15,50;23,60;38,00;54,60
15.04.2023;21,14;5,66;3,61;66,14;1,07;0,55;0,05;1174;0,56;60,07;15,32;8,90;10,99;0,41;0,63;2966;14,20;22,50;36,20;51,80
16.04.2023;21,01;5,63;3,64;66,40;1,04;0,55;0,04;1166;0,58;62,27;13,28;8,77;11,08;0,40;0,61;2975;15,00;23,70;38,00;52,60
17.04.2023;20,77;5,63;3,58;66,72;0,98;0,51;0,10;1164;0,74;65,01;10,53;8,87;10,89;0,44;0,66;3085;15,80;25,50;41,60;54,50
18.04.2023;21,07;5,70;3,50;66,36;1,02;0,54;0,05;1197;0,68;61,04;14,39;9,19;10,65;0,41;0,62;3082;16,20;24,30;39,70;54,80
19.04.2023;20,71;5,76;3,58;66,58;1,04;0,54;0,08;1165;0,84;63,44;11,54;9,21;10,89;0,44;0,66;3059;16,00;25,70;39,90;50,90
20.04.2023;;;;;;;;;;;;;;;;;;;;
21.04.2023;;;;;;;;;;;;;;;;;;;;
22.04.2023;;;;;;;;;;;;;;;;;;;;
23.04.2023;;;;;;;;;;;;;;;;;;;;
24.04.2023;;;;;;;;;;;;;;;;;;;;
25.04.2023;;;;;;;;;;;;;;;;;;;;
26.04.2023;;;;;;;;;;;;;;;;;;;;
27.04.2023;;;;;;;;;;;;;;;;;;;;
28.04.2023;;;;;;;;;;;;;;;;;;;;
29.04.2023;;;;;;;;;;;;;;;;;;;;
30.04.2023;;;;;;;;;;;;;;;;;;;;
01.05.2023;;;;;;;;;;;;;;;;;;;;
02.05.2023;;;;;;;;;;;;;;;;;;;;
03.05.2023;;;;;;;;;;;;;;;;;;;;
04.05.2023;;;;;;;;;;;;;;;;;;;;
05.05.2023;;;;;;;;;;;;;;;;;;;;
06.05.2023;;;;;;;;;;;;;;;;;;;;
07.05.2023;;;;;;;;;;;;;;;;;;;;
08.05.2023;;;;;;;;;;;;;;;;;;;;
09.05.2023;;;;;;;;;;;;;;;;;;;;
10.05.2023;;;;;;;;;;;;;;;;;;;;
11.05.2023;;;;;;;;;;;;;;;;;;;;
12.05.2023;;;;;;;;;;;;;;;;;;;;
13.05.2023;;;;;;;;;;;;;;;;;;;;
14.05.2023;21,22;5,58;3,49;66,08;1,19;0,54;0,11;1198;0,53;59,70;15,82;8,89;10,62;0,47;0,71;3072;13,90;22,60;37,40;54,20
15.05.2023;21,32;5,62;3,49;66,23;0,99;0,55;0,09;1248;0,54;59,81;16,02;8,99;10,62;0,45;0,69;3010;13,90;23,00;37,40;56,40
16.05.2023;21,32;5,65;3,44;66,32;0,92;0,55;0,08;1218;0,50;60,41;15,57;9,16;10,47;0,44;0,67;3062;13,40;22,50;36,70;56,40
17.05.2023;20,86;5,71;3,43;66,35;1,16;0,58;0,05;1187;0,59;62,59;12,61;9,33;10,44;0,43;0,66;3028;16,20;25,90;41,10;56,80
18.05.2023;21,15;5,65;3,46;66,36;1,01;0,56;0,07;1213;0,54;61,42;14,33;9,13;10,53;0,44;0,67;3018;15,90;24,80;41,30;59,60
19.05.2023;21,01;5,75;3,64;66,22;1,03;0,53;0,04;1180;0,51;61,05;14,20;9,09;11,08;0,39;0,59;3040;15,10;24,60;40,30;58,50
20.05.2023;21,17;5,58;3,48;66,46;0,99;0,56;0,04;1211;0,55;62,13;13,85;8,91;10,59;0,41;0,62;3018;15,20;24,60;39,70;58,10
21.05.2023;20,82;5,74;3,57;66,42;0,99;0,52;0,07;1208;0,48;63,71;11,65;9,18;10,86;0,41;0,63;3036;15,10;24,80;41,40;56,70
22.05.2023;21,11;5,75;3,58;66,10;1,10;0,50;0,04;1208;0,47;59,85;15,40;9,19;10,89;0,37;0,56;2990;14,10;22,70;38,40;58,40
23.05.2023;21,31;5,68;3,44;66,23;0,97;0,49;0,04;1239;0,47;59,90;15,93;9,24;10,47;0,36;0,55;3073;13,80;22,60;40,70;58,10
24.05.2023;21,28;5,66;3,46;66,19;1,02;0,53;0,04;1244;0,48;59,89;15,85;9,15;10,53;0,39;0,59;3080;14,80;23,70;43,20;59,30
25.05.2023;21,04;5,75;3,47;66,37;0,99;0,52;0,05;1247;0,58;61,50;13,95;9,37;10,56;0,39;0,60;3088;16,80;26,00;44,80;58,60
26.05.2023;21,14;5,70;3,43;66,36;0,95;0,54;0,06;1199;0,50;61,54;14,21;9,31;10,44;0,42;0,63;3049;15,60;25,80;43,80;59,20
27.05.2023;21,14;5,66;3,48;66,37;0,98;0,53;0,04;1214;0,55;61,48;14,25;9,12;10,59;0,39;0,59;3065;15,10;24,80;41,80;57,50
28.05.2023;21,07;5,64;3,51;66,57;0,93;0,50;0,05;1222;0,85;61,84;13,78;9,01;10,68;0,38;0,58;3010;14,40;26,00;41,30;55,60
29.05.2023;21,08;5,50;3,51;66,62;0,93;0,54;0,07;1217;0,60;63,93;12,23;8,64;10,68;0,43;0,65;3075;16,00;26,00;41,90;54,60
30.05.2023;20,97;5,66;3,47;66,57;0,98;0,51;0,04;1210;0,60;63,40;12,32;9,13;10,56;0,38;0,57;3052;15,70;24,70;39,10;55,50
31.05.2023;20,95;5,84;3,52;66,39;0,92;0,54;0,04;1235;0,60;61,71;13,53;9,53;10,71;0,40;0,60;2990;14,60;24,60;39,90;56,80
01.06.2023;21,06;5,81;3,45;66,57;0,81;0,50;0,08;1217;0,61;62,18;13,49;9,57;10,50;0,41;0,62;3016;14,90;25,40;42,00;56,50
02.06.2023;21,28;5,65;3,47;66,44;0,82;0,52;0,08;1209;0,50;61,45;14,68;9,11;10,56;0,42;0,64;3070;15,40;25,40;41,00;57,10
03.06.2023;21,17;5,64;3,55;66,75;0,68;0,47;0,08;1197;0,66;63,25;13,01;8,95;10,80;0,39;0,59;3005;16,30;25,30;40,50;54,80
04.06.2023;21,11;5,67;3,56;66,61;0,79;0,47;0,07;1182;0,61;62,81;13,17;9,01;10,83;0,38;0,58;2988;15,30;24,10;38,50;54,30
05.06.2023;21,38;5,71;3,62;66,40;0,65;0,43;0,14;1221;0,51;60,35;15,79;9,01;11,02;0,42;0,64;3061;15,20;25,40;40,50;58,50
06.06.2023;21,21;5,59;3,61;66,67;0,69;0,43;0,12;1198;0,57;63,20;13,15;8,71;10,99;0,40;0,61;3058;15,10;25,10;41,40;57,30
07.06.2023;21,36;5,58;3,61;66,54;0,68;0,44;0,10;1215;0,59;61,55;14,83;8,69;10,99;0,39;0,59;3033;14,30;23,70;38,90;53,20
08.06.2023;21,18;5,55;3,63;66,54;0,93;0,48;0,09;1206;0,57;62,46;13,63;8,57;11,05;0,41;0,62;3023;15,40;24,10;40,60;57,40
09.06.2023;21,25;5,74;3,68;66,41;0,79;0,50;0,04;1233;0,50;60,73;15,13;8,99;11,20;0,37;0,56;3050;14,70;24,00;38,90;56,40
10.06.2023;20,98;5,66;3,68;66,52;0,91;0,52;0,05;1207;0,58;63,10;12,57;8,78;11,20;0,39;0,60;2974;15,00;24,30;39,90;54,60
11.06.2023;20,86;5,55;3,73;66,56;0,99;0,54;0,06;1228;0,61;64,50;11,18;8,40;11,35;0,42;0,63;3026;16,00;25,60;40,70;56,00
12.06.2023;20,93;5,57;3,76;66,58;0,95;0,51;0,04;1245;0,65;63,82;11,89;8,41;11,44;0,38;0,57;2994;15,30;25,40;41,00;56,60
13.06.2023;21,23;5,68;3,71;66,19;0,97;0,51;0,04;1226;0,51;59,80;15,78;8,78;11,29;0,38;0,57;2997;15,60;23,50;38,00;53,50
14.06.2023;21,22;5,69;3,64;66,41;0,82;0,49;0,05;1213;0,55;61,07;14,79;8,93;11,08;0,37;0,57;2997;15,00;25,00;39,20;55,20
15.06.2023;21,31;5,59;3,58;66,42;0,94;0,49;0,03;1234;0,52;60,96;15,13;8,76;10,89;0,35;0,54;2986;15,20;23,70;37,60;56,00
16.06.2023;21,40;5,63;3,60;66,27;0,86;0,50;0,10;1218;0,48;59,76;16,30;8,84;10,95;0,43;0,65;2990;13,90;22,40;37,00;54,40
17.06.2023;21,43;5,68;3,41;66,33;0,85;0,53;0,07;1216;0,55;59,45;16,61;9,29;10,38;0,42;0,64;3000;14,20;23,40;37,90;54,00
18.06.2023;21,37;5,76;3,44;66,38;0,83;0,54;0,05;1194;0,52;59,71;16,24;9,45;10,47;0,41;0,62;3026;14,10;23,60;37,50;53,20
19.06.2023;21,25;5,77;3,45;66,48;0,81;0,53;0,06;1243;0,53;60,97;14,96;9,46;10,50;0,41;0,62;3019;16,60;25,10;40,50;58,20
20.06.2023;21,10;5,72;3,40;66,64;0,87;0,51;0,10;1248;0,53;62,99;13,00;9,41;10,35;0,44;0,66;3012;15,60;24,60;40,20;56,00
21.06.2023;21,09;5,79;3,39;66,63;0,87;0,51;0,04;1238;0,55;62,49;13,35;9,61;10,32;0,38;0,57;3090;16,00;24,20;40,40;56,50
22.06.2023;21,21;5,76;3,43;66,46;0,89;0,52;0,04;1189;0,56;60,93;14,86;9,47;10,44;0,38;0,58;3018;15,60;23,90;40,70;55,30
23.06.2023;21,31;5,67;3,33;66,35;1,05;0,55;0,07;1202;0,53;60,14;15,75;9,40;10,13;0,43;0,66;3033;15,50;24,50;41,40;56,70
24.06.2023;21,21;5,62;3,25;66,58;1,12;0,54;0,06;1232;0,54;62,05;14,03;9,40;9,89;0,42;0,63;3092;15,50;25,10;43,30;57,20
25.06.2023;21,18;5,71;3,31;66,66;0,92;0,50;0,07;1191;0,61;62,20;13,83;9,54;10,07;0,40;0,61;3063;15,80;25,30;42,70;58,70
26.06.2023;21,33;5,53;3,43;66,57;0,97;0,50;0,08;1190;0,64;61,46;14,81;8,86;10,44;0,41;0,62;3080;15,00;25,30;43,10;59,30
27.06.2023;20,79;5,43;3,76;66,85;0,95;0,50;0,10;1170;0,69;66,76;9,27;8,04;11,44;0,43;0,65;3053;15,10;25,40;43,30;56,80
28.06.2023;20,87;5,41;3,71;66,89;0,90;0,52;0,06;1189;0,67;66,74;9,51;8,07;11,29;0,40;0,61;3020;16,50;26,80;43,10;57,50
29.06.2023;21,08;5,63;3,68;66,49;0,84;0,54;0,07;1235;0,54;62,78;13,10;8,70;11,20;0,43;0,65;3090;15,30;26,10;43,60;57,50
30.06.2023;21,02;5,66;3,62;66,56;0,94;0,48;0,04;1183;0,54;63,12;12,67;8,88;11,02;0,36;0,54;2990;14,00;25,00;40,80;56,70
01.07.2023;21,10;5,66;3,63;66,31;0,96;0,52;0,06;1165;0,64;61,02;14,48;8,86;11,05;0,40;0,61;3021;14,00;23,40;40,10;55,50
02.07.2023;21,20;5,57;3,60;66,37;0,94;0,52;0,11;1200;0,68;61,05;14,75;8,68;10,95;0,45;0,69;3025;14,40;25,90;43,30;56,80
03.07.2023;21,17;5,63;3,63;66,36;0,97;0,53;0,07;1209;0,50;61,44;14,37;8,78;11,05;0,42;0,64;3009;15,00;25,20;39,20;54,70
04.07.2023;21,11;5,54;3,72;66,30;0,97;0,53;0,08;1218;0,58;61,80;13,93;8,39;11,32;0,43;0,65;3075;15,10;25,80;41,70;56,70
05.07.2023;21,15;5,54;3,83;66,25;0,90;0,55;0,04;1256;0,62;61,17;14,52;8,21;11,65;0,40;0,61;3040;14,90;24,70;39,70;54,60
06.07.2023;21,10;5,53;3,88;66,50;0,72;0,55;0,04;1255;1,00;61,53;14,10;8,10;11,81;0,40;0,61;2980;15,00;24,70;39,70;53,50
07.07.2023;21,04;5,63;3,71;66,21;0,97;0,58;0,05;1187;0,65;61,09;14,26;8,65;11,29;0,43;0,66;2995;15,00;24,40;38,60;53,40
08.07.2023;21,32;5,67;3,67;66,02;0,92;0,56;0,06;1218;0,58;58,40;17,09;8,82;11,17;0,43;0,65;2992;14,90;24,90;39,70;54,40
09.07.2023;21,18;5,79;3,63;65,96;1,05;0,58;0,04;1197;0,69;57,65;17,25;9,21;11,05;0,42;0,64;2998;14,80;25,50;40,60;54,60
10.07.2023;;;;;;;;;;;;;;;;;;;;
11.07.2023;;;;;;;;;;;;;;;;;;;;
12.07.2023;;;;;;;;;;;;;;;;;;;;
13.07.2023;21,13;5,59;3,50;66,20;1,16;0,58;0,05;1283;0,63;60,47;14,98;8,90;10,65;0,43;0,66;3045;15,00;24,30;41,80;56,60
14.07.2023;20,85;5,50;3,65;66,66;0,99;0,55;0,07;1198;0,72;64,98;10,78;8,41;11,11;0,43;0,66;3075;15,40;25,70;42,20;55,70
15.07.2023;20,97;5,53;3,58;66,73;0,94;0,55;0,05;1203;0,69;64,52;11,48;8,60;10,89;0,41;0,63;3064;15,80;26,70;42,20;56,60
16.07.2023;21,06;5,74;3,62;66,47;0,82;0,48;0,08;1209;0,69;61,65;13,90;9,09;11,02;0,40;0,60;2985;15,10;25,10;41,70;58,10
17.07.2023;21,13;5,79;3,58;66,37;0,77;0,50;0,09;1230;0,60;60,94;14,63;9,29;10,89;0,42;0,64;3007;14,70;24,30;39,10;54,80
18.07.2023;21,39;5,52;3,36;66,54;0,90;0,50;0,05;1244;0,56;61,58;14,90;8,95;10,22;0,38;0,58;3090;15,70;26,00;42,70;57,80
19.07.2023;21,77;5,70;3,40;65,93;0,87;0,53;0,07;1193;0,55;55,06;20,90;9,36;10,35;0,42;0,64;2996;13,60;20,90;34,60;52,60
20.07.2023;21,33;5,56;3,53;66,59;0,82;0,52;0,05;1229;0,61;61,75;14,59;8,77;10,74;0,39;0,60;3022;13,90;25,10;40,40;56,10
21.07.2023;20,99;5,72;3,65;66,57;0,86;0,53;0,05;1236;0,60;62,93;12,73;8,99;11,11;0,40;0,61;3066;16,00;26,20;41,10;57,00
22.07.2023;21,33;5,79;3,60;66,26;0,83;0,53;0,05;1250;0,59;58,81;16,81;9,26;10,95;0,40;0,61;3011;15,30;24,70;38,60;57,00
23.07.2023;21,08;5,75;3,54;66,56;0,85;0,53;0,05;1235;0,57;62,31;13,45;9,25;10,77;0,40;0,61;3031;15,20;25,10;38,40;56,60
24.07.2023;21,27;5,74;3,42;66,47;0,81;0,51;0,11;1223;0,50;61,14;14,88;9,43;10,41;0,45;0,68;3026;16,10;25,40;38,40;54,50
25.07.2023;21,59;5,79;3,34;66,11;0,92;0,56;0,04;1210;0,45;56,91;18,99;9,70;10,16;0,41;0,62;3010;16,30;24,90;39,20;53,60
26.07.2023;21,14;5,72;3,44;66,42;0,94;0,55;0,08;1182;0,72;60,76;14,79;9,34;10,47;0,44;0,67;2975;15,50;23,20;35,40;51,60
27.07.2023;21,04;5,67;3,38;66,28;1,32;0,56;0,04;1227;0,54;61,03;14,31;9,31;10,29;0,41;0,62;3066;15,30;24,20;39,30;54,40
28.07.2023;21,11;5,51;3,44;66,75;0,91;0,57;0,09;1195;0,62;64,24;12,09;8,79;10,47;0,47;0,71;3034;15,80;26,60;42,50;55,50
29.07.2023;20,96;5,47;3,58;66,94;0,83;0,54;0,05;1215;0,68;66,21;10,17;8,45;10,89;0,41;0,62;3055;15,20;26,10;40,80;53,60
30.07.2023;21,08;5,60;3,59;66,47;0,91;0,54;0,08;1228;0,69;62,22;13,52;8,77;10,92;0,44;0,66;3047;15,60;25,30;40,50;55,10
31.07.2023;21,18;5,78;3,60;66,25;0,84;0,52;0,07;1162;0,82;59,01;16,23;9,23;10,95;0,41;0,63;3003;14,50;23,10;36,60;51,80
01.08.2023;21,05;5,64;3,59;66,50;0,91;0,51;0,09;1215;0,49;63,12;12,76;8,88;10,92;0,43;0,65;3032;14,80;23,80;40,50;55,30
02.08.2023;21,25;5,69;3,54;66,34;0,89;0,53;0,06;1232;0,54;60,54;15,28;9,10;10,77;0,41;0,62;3055;15,50;24,90;40,20;54,50
03.08.2023;21,05;5,50;3,62;66,50;0,95;0,54;0,05;1237;0,56;63,62;12,38;8,46;11,02;0,41;0,62;3075;17,20;26,10;41,90;56,20
04.08.2023;20,96;5,64;3,68;66,36;0,98;0,54;0,06;1243;0,52;62,78;12,75;8,73;11,20;0,42;0,63;3014;15,60;25,20;41,50;57,00
05.08.2023;21,02;5,59;3,74;66,50;0,92;0,51;0,05;1229;0,54;63,24;12,58;8,49;11,38;0,39;0,59;2972;14,40;23,70;39,10;54,90
06.08.2023;21,08;5,75;3,68;66,34;0,90;0,50;0,06;1218;0,57;61,07;14,39;9,02;11,20;0,39;0,59;2968;14,70;24,30;40,20;56,60
07.08.2023;20,95;5,72;3,66;66,31;0,98;0,53;0,12;1232;0,53;62,11;13,24;8,97;11,14;0,47;0,71;2993;14,70;24,20;39,80;55,40
08.08.2023;21,12;5,81;3,70;66,14;0,97;0,51;0,05;1252;0,48;59,69;15,54;9,14;11,26;0,39;0,59;3006;14,70;23,70;39,30;57,50
09.08.2023;20,85;5,66;3,56;66,50;1,03;0,53;0,05;1227;0,59;63,80;11,67;8,98;10,83;0,40;0,61;3019;16,00;26,20;43,00;55,80
10.08.2023;21,01;5,78;3,38;66,33;1,01;0,59;0,08;1238;0,52;61,68;13,73;9,60;10,29;0,47;0,71;3038;15,50;24,50;41,40;57,20
11.08.2023;21,17;5,71;3,33;66,39;1,01;0,55;0,06;1236;0,53;61,21;14,54;9,50;10,13;0,42;0,64;3020;14,60;24,60;38,20;55,60
12.08.2023;20,99;5,77;3,31;66,40;1,05;0,57;0,10;1231;0,54;62,09;13,36;9,70;10,07;0,48;0,72;3019;15,40;25,20;41,90;55,20
13.08.2023;21,10;5,70;3,30;66,47;1,00;0,52;0,06;1215;0,59;61,96;13,77;9,53;10,04;0,40;0,61;3014;15,40;25,40;41,40;56,10
14.08.2023;20,98;5,63;3,40;66,67;1,00;0,53;0,05;1182;0,67;63,69;12,13;9,17;10,35;0,40;0,61;3034;15,50;25,50;39,40;54,40
15.08.2023;21,00;5,88;3,33;66,44;0,97;0,51;0,15;1218;0,57;61,52;13,82;9,95;10,13;0,49;0,74;2975;15,30;25,00;41,60;56,00
16.08.2023;21,09;5,54;3,50;66,66;0,88;0,51;0,09;1242;0,66;63,66;12,47;8,77;10,65;0,43;0,65;2998;15,70;24,90;41,30;56,60
17.08.2023;21,10;5,74;3,63;66,29;0,92;0,53;0,05;1269;0,55;60,88;14,59;9,08;11,05;0,40;0,61;3058;15,60;25,40;41,00;57,10
18.08.2023;21,18;5,86;3,58;66,14;0,85;0,52;0,12;1258;0,53;59,21;16,08;9,48;10,89;0,46;0,70;3002;13,80;23,70;38,20;53,90
19.08.2023;21,19;5,60;3,71;66,17;0,90;0,53;0,09;1241;0,55;60,59;15,06;8,57;11,29;0,44;0,67;3002;14,40;23,70;38,00;53,00
20.08.2023;21,26;5,68;3,74;65,99;0,92;0,54;0,07;1250;0,45;59,10;16,39;8,73;11,38;0,43;0,65;2998;14,30;24,20;39,20;56,20
21.08.2023;21,22;5,53;3,56;66,43;0,87;0,54;0,07;1225;0,55;62,19;13,94;8,64;10,83;0,43;0,65;2999;14,60;24,50;38,20;54,20
22.08.2023;21,28;5,82;3,59;65,96;0,88;0,59;0,05;1266;0,50;58,01;17,27;9,36;10,92;0,44;0,67;3022;15,60;25,70;39,90;56,10
23.08.2023;21,23;5,72;3,48;66,13;0,98;0,60;0,06;1251;0,49;59,66;15,88;9,28;10,59;0,45;0,69;2994;16,00;25,90;40,90;56,10
24.08.2023;21,50;5,96;3,13;65,82;0,98;0,52;0,17;1277;0,46;55,36;19,90;10,50;9,52;0,51;0,78;3003;15,20;24,40;39,10;55,80
25.08.2023;21,38;5,77;3,41;65,76;1,12;0,63;0,08;1243;0,56;56,10;19,00;9,53;10,38;0,49;0,75;2975;15,90;24,80;39,40;54,90
26.08.2023;21,27;5,86;3,45;65,71;1,19;0,57;0,09;1280;0,47;56,24;18,58;9,70;10,50;0,47;0,71;3002;15,20;24,30;39,80;55,50
27.08.2023;21,54;5,61;3,48;65,93;1,04;0,52;0,06;1227;0,61;56,57;19,10;8,99;10,59;0,40;0,61;2991;13,90;23,10;39,30;55,90
28.08.2023;21,37;5,46;3,52;66,22;1,02;0,53;0,12;1228;0,55;60,30;15,80;8,52;10,71;0,47;0,71;2970;15,50;24,20;40,00;58,30
29.08.2023;21,34;5,52;3,56;66,30;0,96;0,52;0,05;1250;0,54;60,60;15,49;8,61;10,83;0,39;0,60;3023;15,00;24,50;39,00;56,40
30.08.2023;21,18;5,75;3,56;66,10;1,00;0,54;0,05;1235;0,55;59,31;16,01;9,22;10,83;0,41;0,62;2973;15,50;24,40;40,40;57,20
31.08.2023;21,24;5,73;3,56;65,94;1,04;0,57;0,08;1235;0,56;58,18;17,03;9,17;10,83;0,46;0,69;2974;15,00;24,50;39,40;54,40
01.09.2023;21,08;5,73;3,52;66,09;1,03;0,60;0,05;1243;0,56;60,09;15,13;9,24;10,71;0,44;0,68;3023;15,40;25,20;40,40;55,40
02.09.2023;21,38;5,69;3,60;65,98;0,96;0,55;0,07;1246;0,52;57,88;17,66;8,99;10,95;0,43;0,66;3050;15,00;24,40;39,20;54,60
03.09.2023;21,09;5,80;3,52;65,96;1,05;0,59;0,05;1250;0,58;58,88;16,07;9,42;10,71;0,44;0,67;3021;14,90;24,70;39,70;53,40
04.09.2023;21,13;5,91;3,40;65,86;1,08;0,59;0,04;1238;0,51;57,80;17,00;9,92;10,35;0,43;0,65;2968;14,20;22,90;38,90;53,50
05.09.2023;21,12;5,72;3,32;66,16;1,06;0,60;0,06;1229;0,58;60,26;15,12;9,55;10,10;0,45;0,69;3047;15,80;25,50;41,40;56,70
06.09.2023;21,02;5,84;3,27;65,99;1,16;0,59;0,05;1224;0,58;59,31;15,55;9,95;9,95;0,44;0,67;2986;16,00;25,40;39,60;55,40
07.09.2023;20,89;5,77;3,26;66,24;1,21;0,59;0,04;1187;0,66;61,33;13,65;9,78;9,92;0,43;0,65;3010;16,90;26,30;41,80;56,60
08.09.2023;20,79;5,70;3,42;66,31;1,17;0,61;0,07;1228;0,63;62,85;12,22;9,33;10,41;0,47;0,72;3050;16,90;26,30;41,30;55,60
09.09.2023;21,07;5,78;3,43;66,13;1,05;0,60;0,13;1240;0,61;59,86;15,27;9,52;10,44;0,52;0,80;2965;15,90;24,90;40,20;54,70
10.09.2023;21,11;5,88;3,41;66,05;1,08;0,59;0,06;1211;0,61;58,50;16,41;9,82;10,38;0,45;0,68;2973;15,60;24,90;40,30;55,80
11.09.2023;20,99;5,78;3,33;66,33;1,07;0,61;0,03;1228;0,57;61,53;13,78;9,69;10,13;0,43;0,66;3002;16,40;25,90;40,30;55,60
12.09.2023;21,20;5,83;3,26;66,02;1,07;0,60;0,05;1243;0,59;58,36;16,78;9,94;9,92;0,44;0,68;2990;15,70;25,00;41,40;56,70
13.09.2023;21,09;5,76;3,30;66,24;1,06;0,59;0,06;1220;0,57;60,61;14,76;9,69;10,04;0,45;0,68;2994;15,70;25,30;42,10;58,20
14.09.2023;21,23;5,73;3,33;66,16;1,04;0,61;0,09;1221;0,70;58,91;16,45;9,56;10,13;0,49;0,75;3015;16,20;26,00;41,90;56,40
15.09.2023;21,13;5,69;3,37;66,44;1,05;0,56;0,07;1217;0,58;61,48;14,22;9,38;10,25;0,44;0,67;3091;15,80;24,80;42,40;58,60
16.09.2023;21,26;5,65;3,31;66,31;1,11;0,57;0,05;1220;0,59;60,11;15,63;9,38;10,07;0,43;0,65;3006;16,00;24,80;41,40;58,20
17.09.2023;21,22;5,79;3,33;66,24;1,00;0,56;0,04;1215;0,51;59,79;15,75;9,72;10,13;0,41;0,62;3060;15,70;25,10;40,90;56,90
18.09.2023;21,06;5,86;3,24;66,38;1,03;0,58;0,07;1210;0,60;60,79;14,55;10,05;9,86;0,45;0,69;3025;16,50;25,90;41,60;56,70
19.09.2023;21,29;5,86;3,17;66,33;1,03;0,57;0,03;1211;0,57;59,06;16,51;10,17;9,65;0,41;0,62;3094;17,60;26,10;40,60;55,90
20.09.2023;21,39;5,86;3,26;66,00;1,05;0,60;0,04;1228;0,69;56,28;18,89;10,02;9,92;0,43;0,66;2990;15,10;24,30;39,10;55,80
21.09.2023;21,13;5,73;3,27;66,23;1,17;0,61;0,04;1183;0,67;59,79;15,50;9,66;9,95;0,44;0,67;3090;17,70;25,30;38,90;54,10
22.09.2023;21,18;5,81;3,37;66,05;1,17;0,60;0,06;1234;0,58;58,36;16,72;9,70;10,25;0,45;0,69;3100;15,90;24,90;39,20;55,20
23.09.2023;21,15;5,74;3,27;66,40;1,07;0,59;0,04;1214;0,65;60,63;14,92;9,68;9,95;0,43;0,65;3044;17,00;25,40;38,80;55,20
24.09.2023;20,98;5,70;3,26;66,54;1,07;0,59;0,05;1234;0,87;61,88;13,49;9,60;9,92;0,44;0,67;3014;17,80;26,30;42,40;55,30
25.09.2023;21,05;5,76;3,26;66,21;1,19;0,63;0,04;1221;0,58;60,44;14,78;9,75;9,92;0,45;0,69;3032;17,40;25,10;38,90;54,50
26.09.2023;21,12;5,74;3,21;66,17;1,19;0,62;0,07;1225;0,60;59,87;15,41;9,78;9,77;0,48;0,73;3027;16,80;24,80;40,70;56,60
27.09.2023;21,00;5,86;3,21;66,16;1,21;0,60;0,07;1219;0,71;59,43;15,40;10,10;9,77;0,46;0,71;2995;16,80;24,50;40,10;55,60
28.09.2023;21,11;5,88;3,17;66,21;1,15;0,58;0,04;1204;0,55;59,54;15,63;10,22;9,65;0,42;0,64;2975;16,00;24,10;39,20;55,90
29.09.2023;20,96;5,92;3,13;66,34;1,13;0,60;0,04;1212;0,71;60,41;14,55;10,40;9,52;0,43;0,66;3060;16,70;25,50;40,60;55,60
30.09.2023;20,93;5,89;3,14;66,42;1,19;0,59;0,06;1217;0,79;60,65;14,28;10,30;9,56;0,45;0,68;3049;17,10;25,50;40,60;56,20
01.10.2023;20,86;5,84;3,16;66,59;1,11;0,59;0,04;1177;1,07;61,27;13,61;10,14;9,62;0,43;0,65;3062;17,00;24,90;39,60;55,30
02.10.2023;20,97;5,81;3,16;66,07;1,34;0,65;0,07;1225;0,58;59,86;14,99;10,06;9,62;0,50;0,76;3031;16,70;24,90;39,80;55,40
03.10.2023;21,09;5,92;3,16;66,08;1,25;0,61;0,04;1218;0,57;58,54;16,32;10,35;9,62;0,44;0,67;3016;14,90;23,20;38,00;54,40
04.10.2023;20,98;6,01;3,15;66,12;1,20;0,60;0,08;1211;0,65;58,77;15,84;10,60;9,59;0,47;0,72;3012;16,30;25,10;37,80;53,20
05.10.2023;21,19;5,91;3,14;66,05;1,28;0,60;0,06;1206;0,60;57,55;17,36;10,35;9,56;0,45;0,69;3014;16,00;24,40;38,90;54,30
06.10.2023;21,36;5,81;3,13;66,13;1,19;0,57;0,09;1205;0,54;57,77;17,68;10,11;9,52;0,47;0,71;2972;14,60;22,80;36,40;52,20
07.10.2023;21,22;5,77;3,08;66,37;1,25;0,57;0,08;1213;0,50;60,14;15,49;10,09;9,37;0,46;0,69;2958;15,50;23,50;39,60;54,80
08.10.2023;21,21;5,87;3,18;66,28;1,19;0,58;0,03;1221;0,54;59,05;16,29;10,18;9,68;0,41;0,63;2995;16,00;24,10;39,10;56,00
09.10.2023;21,23;5,90;3,16;66,34;1,09;0,56;0,05;1203;0,59;59,05;16,34;10,29;9,62;0,42;0,64;2959;16,40;24,70;38,40;55,30
10.10.2023;21,03;5,88;3,17;66,39;1,16;0,58;0,09;1182;0,78;59,92;15,11;10,22;9,65;0,47;0,72;2992;17,00;26,00;41,00;54,90
11.10.2023;21,16;5,85;3,15;66,13;1,27;0,59;0,09;1188;0,61;58,48;16,57;10,18;9,59;0,48;0,73;2992;16,60;24,20;39,30;55,20
12.10.2023;21,12;5,81;3,15;66,33;1,22;0,58;0,07;1185;0,51;60,42;15,00;10,07;9,59;0,45;0,69;3003;16,50;24,80;40,30;55,70
13.10.2023;20,77;5,69;3,30;66,36;1,41;0,63;0,04;1193;0,68;62,56;12,38;9,50;10,04;0,45;0,69;3050;18,30;26,70;44,70;57,00
14.10.2023;21,08;6,02;3,22;66,10;1,17;0,60;0,03;1212;0,59;58,09;16,64;10,51;9,80;0,42;0,65;2990;15,90;23,70;39,20;56,30
15.10.2023;21,01;5,82;3,13;66,32;1,34;0,63;0,03;1214;0,62;60,38;14,71;10,13;9,52;0,44;0,68;2990;16,40;24,70;42,40;57,90
16.10.2023;20,86;5,78;3,07;66,67;1,28;0,62;0,03;1194;0,58;63,64;11,82;10,13;9,34;0,44;0,67;2980;18,20;26,00;42,40;58,40
17.10.2023;20,80;5,78;3,11;66,59;1,35;0,63;0,04;1180;0,67;63,10;12,07;10,06;9,45;0,45;0,69;3050;17,00;25,70;42,90;56,70
18.10.2023;21,00;5,82;3,16;66,42;1,22;0,56;0,04;1202;0,69;60,88;14,30;10,08;9,62;0,41;0,62;2982;16,40;24,80;42,00;58,30
19.10.2023;20,97;5,78;3,11;66,57;1,19;0,56;0,07;1143;0,75;61,90;13,45;10,06;9,46;0,44;0,67;2986;16,10;25,10;41,70;56,30
20.10.2023;20,88;5,65;3,20;66,78;1,17;0,57;0,06;1119;0,71;64,40;11,30;9,56;9,74;0,44;0,66;3033;16,40;26,30;41,90;56,40
21.10.2023;20,83;5,73;3,21;66,69;1,20;0,57;0,06;1173;0,70;63,82;11,60;9,76;9,77;0,44;0,66;2988;16,20;24,30;39,00;54,40
22.10.2023;21,01;5,76;3,13;66,58;1,20;0,56;0,04;1180;0,63;62,20;13,33;9,97;9,52;0,41;0,62;2971;16,80;25,70;41,40;55,10
23.10.2023;20,85;5,80;3,25;66,62;1,08;0,56;0,06;1195;0,65;63,40;11,97;9,88;9,89;0,43;0,65;3001;17,10;24,90;40,50;57,20
24.10.2023;21,13;5,88;3,13;66,43;1,10;0,57;0,04;1173;0,67;60,00;15,34;10,29;9,52;0,42;0,63;2986;16,60;24,60;39,30;53,80
25.10.2023;21,17;5,92;3,23;66,35;0,89;0,57;0,06;1228;0,52;60,16;15,33;10,23;9,83;0,44;0,66;3065;15,10;23,20;36,90;52,60
26.10.2023;21,13;5,81;3,14;66,40;1,02;0,59;0,04;1169;0,54;61,09;14,52;10,09;9,56;0,43;0,65;2997;15,10;22,00;35,00;51,70
27.10.2023;21,15;5,77;3,25;66,38;0,97;0,57;0,04;1156;0,60;60,86;14,75;9,80;9,89;0,42;0,63;3003;15,70;23,40;36,30;51,90
28.10.2023;21,08;5,75;3,35;66,16;1,07;0,60;0,07;1200;0,63;60,08;15,13;9,58;10,19;0,46;0,71;3070;17,00;25,20;38,60;53,60
29.10.2023;21,22;5,88;3,31;66,18;0,92;0,57;0,04;1183;0,58;58,92;16,41;9,99;10,07;0,42;0,63;3080;17,10;26,10;36,40;52,00
30.10.2023;21,18;5,80;3,36;66,36;0,90;0,57;0,06;1164;0,68;60,07;15,43;9,69;10,22;0,44;0,66;3085;17,00;24,70;37,80;54,60
31.10.2023;20,93;5,65;3,43;66,82;0,81;0,55;0,11;1196;0,67;65,05;10,96;9,18;10,44;0,47;0,72;3024;17,00;25,70;38,10;54,00
01.11.2023;21,08;5,81;3,44;66,24;0,97;0,59;0,07;1213;0,59;60,33;14,95;9,58;10,47;0,46;0,70;3036;16,00;24,10;39,00;54,50
02.11.2023;21,16;5,71;3,38;66,35;0,90;0,55;0,06;1211;0,66;60,84;14,79;9,42;10,29;0,42;0,64;3025;15,70;24,60;37,10;53,60
03.11.2023;21,13;5,63;3,30;66,49;0,96;0,55;0,10;1190;0,58;62,44;13,50;9,34;10,04;0,46;0,70;2990;15,10;24,70;37,60;53,40
04.11.2023;21,31;5,66;3,41;66,17;0,97;0,55;0,07;1182;0,61;59,26;16,41;9,24;10,38;0,43;0,66;3031;15,80;23,50;35,90;53,20
05.11.2023;21,18;5,71;3,34;66,39;0,93;0,55;0,11;1190;0,77;60,37;15,20;9,49;10,16;0,47;0,72;2969;15,50;23,30;35,80;52,80
06.11.2023;21,10;5,77;3,33;66,40;0,94;0,56;0,09;1182;0,71;60,85;14,61;9,66;10,13;0,46;0,70;2965;15,50;23,50;35,20;51,60
07.11.2023;21,06;5,74;3,34;66,34;0,97;0,58;0,10;1155;0,70;61,05;14,35;9,57;10,16;0,48;0,73;3039;16,00;23,70;35,20;50,70
08.11.2023;21,15;5,63;3,32;66,42;0,98;0,58;0,07;1188;0,68;61,51;14,26;9,31;10,10;0,45;0,69;2982;15,90;24,00;36,80;52,50
09.11.2023;21,24;5,69;3,28;66,33;0,99;0,60;0,06;1179;0,58;60,50;15,28;9,54;9,98;0,45;0,69;2977;14,60;22,90;36,10;52,30
10.11.2023;21,08;5,63;3,43;66,39;0,96;0,61;0,07;1194;0,65;61,95;13,73;9,12;10,44;0,47;0,72;3055;16,30;25,60;39,80;53,10
11.11.2023;21,16;5,64;3,33;66,58;0,90;0,59;0,06;1180;0,66;62,32;13,68;9,32;10,13;0,45;0,68;2985;16,60;24,60;37,90;53,20
12.11.2023;21,03;5,69;3,38;66,65;0,89;0,56;0,08;1190;0,73;62,93;12,85;9,37;10,29;0,45;0,68;3005;15,40;24,50;38,30;54,30
13.11.2023;21,20;5,80;3,33;66,31;0,95;0,58;0,06;1185;0,69;59,57;15,86;9,74;10,13;0,44;0,67;2998;15,60;24,40;37,40;51,00
14.11.2023;21,03;5,69;3,25;66,71;0,95;0,59;0,06;1195;0,75;63,10;12,71;9,59;9,89;0,45;0,68;3075;16,80;24,90;37,70;54,00
15.11.2023;21,16;5,84;3,28;66,46;0,96;0,58;0,04;1214;0,64;60,47;15,07;9,93;9,98;0,42;0,64;3022;16,20;23,70;38,30;54,00
16.11.2023;21,22;5,75;3,14;66,58;0,99;0,59;0,04;1204;0,65;61,18;14,71;9,93;9,56;0,43;0,65;3009;16,00;23,90;40,40;54,40
17.11.2023;21,38;5,76;3,10;66,30;1,01;0,59;0,08;1202;0,63;58,84;16,93;10,03;9,43;0,47;0,71;3040;16,50;25,50;42,10;56,70
18.11.2023;21,26;5,66;3,12;66,59;1,04;0,60;0,04;1211;0,77;60,92;15,02;9,73;9,49;0,43;0,66;3026;16,30;26,50;41,00;55,50
19.11.2023;21,36;5,83;3,15;66,40;0,94;0,58;0,04;1248;0,64;59,01;16,74;10,13;9,59;0,42;0,64;2997;16,40;25,50;41,10;55,60
20.11.2023;21,04;5,74;3,26;66,57;1,01;0,61;0,05;1223;0,65;62,34;13,31;9,70;9,92;0,45;0,69;3052;16,80;26,00;41,90;56,00
21.11.2023;20,88;5,84;3,26;66,54;1,04;0,59;0,07;1225;0,57;63,01;12,36;9,97;9,92;0,46;0,70;3040;17,00;25,70;41,50;54,30
22.11.2023;21,00;5,79;3,26;66,44;1,06;0,58;0,09;1231;0,64;61,68;13,70;9,83;9,92;0,47;0,72;3059;15,50;24,90;41,70;57,60
23.11.2023;21,08;5,86;3,28;66,35;1,02;0,58;0,06;1233;0,56;60,65;14,71;9,99;9,98;0,44;0,67;2962;15,60;24,60;40,50;56,50
24.11.2023;20,81;5,73;3,16;66,79;1,12;0,58;0,11;1193;0,61;65,05;10,62;9,84;9,62;0,49;0,75;3075;16,80;25,90;42,50;56,70
25.11.2023;20,99;5,68;3,20;66,73;1,07;0,56;0,11;1208;0,69;63,53;12,28;9,64;9,74;0,48;0,73;3025;15,20;24,40;42,90;56,30
26.11.2023;21,33;5,96;3,30;66,14;0,92;0,55;0,04;1236;0,63;57,19;18,03;10,22;10,04;0,40;0,61;3070;16,50;25,60;41,90;55,90
27.11.2023;20,99;5,72;3,23;66,68;0,97;0,56;0,07;1214;0,77;62,97;12,70;9,70;9,83;0,44;0,67;2995;15,80;24,70;39,80;54,80
28.11.2023;21,00;5,84;3,30;66,58;0,90;0,57;0,07;1236;0,65;62,27;13,25;9,90;10,04;0,45;0,68;2980;15,30;24,60;42,40;54,50
29.11.2023;21,05;5,81;3,31;66,61;0,95;0,57;0,04;1263;0,65;62,06;13,56;9,80;10,07;0,42;0,63;3006;14,90;24,30;41,30;56,00
30.11.2023;21,26;5,82;3,28;66,28;0,96;0,55;0,04;1226;0,61;59,23;16,29;9,88;9,98;0,40;0,61;2980;15,00;24,30;40,30;55,10
01.12.2023;20,97;5,77;3,33;66,71;0,90;0,57;0,04;1220;0,70;63,25;12,43;9,66;10,13;0,42;0,63;3000;16,80;26,10;41,60;56,60
02.12.2023;21,11;5,82;3,40;66,44;0,83;0,58;0,07;1235;0,63;61,14;14,42;9,68;10,35;0,45;0,69;3022;14,70;25,10;39,60;54,80
03.12.2023;21,07;5,59;3,42;66,76;0,77;0,59;0,08;1238;0,73;64,03;12,13;9,03;10,41;0,47;0,71;2990;16,60;26,50;43,20;56,00
04.12.2023;21,06;5,62;3,50;66,62;0,87;0,60;0,05;1224;0,66;63,22;12,71;8,98;10,65;0,44;0,68;3025;16,00;25,70;40,80;54,60
05.12.2023;20,86;5,51;3,69;66,85;0,85;0,59;0,05;1238;0,75;65,83;10,17;8,37;11,23;0,44;0,67;3046;15,70;26,00;42,50;57,00
06.12.2023;21,04;5,59;3,85;66,15;1,05;0,54;0,13;1219;0,73;60,36;14,81;8,31;11,72;0,49;0,74;2988;13,90;24,00;40,50;57,30
07.12.2023;21,14;5,53;3,84;66,19;0,99;0,61;0,09;1240;0,67;60,59;14,92;8,16;11,69;0,49;0,75;2974;14,70;23,80;38,80;55,30
08.12.2023;21,11;5,53;3,67;66,28;1,04;0,61;0,07;1250;0,63;61,45;14,19;8,45;11,17;0,47;0,72;2990;15,10;24,40;40,00;55,90
09.12.2023;21,24;5,48;3,60;66,30;1,02;0,58;0,07;1240;0,66;60,92;14,96;8,44;10,95;0,45;0,69;2961;14,20;24,00;38,40;53,50
10.12.2023;21,39;5,42;3,67;66,26;1,02;0,59;0,04;1217;0,73;59,63;16,36;8,16;11,17;0,43;0,65;2990;15,50;25,10;38,40;54,30
11.12.2023;21,22;5,39;3,67;66,43;1,00;0,60;0,08;1238;0,68;62,08;14,03;8,08;11,17;0,47;0,72;2980;14,90;24,90;40,80;56,50
12.12.2023;21,31;5,56;3,68;65,96;1,16;0,58;0,05;1250;0,54;58,44;17,03;8,51;11,20;0,43;0,66;3001;14,20;24,20;38,50;55,50
13.12.2023;21,22;5,61;3,62;65,95;1,23;0,59;0,05;1248;0,59;58,43;16,78;8,75;11,02;0,44;0,67;2975;15,30;24,00;37,90;52,70
14.12.2023;20,99;5,50;3,49;66,44;1,30;0,56;0,05;1243;0,60;62,86;12,79;8,68;10,62;0,42;0,64;3040;15,70;24,70;40,90;55,80
15.12.2023;21,08;5,60;3,55;66,05;1,35;0,61;0,05;1229;0,65;59,48;15,59;8,84;10,80;0,45;0,69;3000;16,00;26,00;43,10;53,60
16.12.2023;20,94;5,49;3,61;66,20;1,26;0,63;0,13;1245;0,68;61,94;13,33;8,45;10,99;0,54;0,83;2959;15,10;25,50;41,80;55,30
17.12.2023;20,93;5,60;3,54;66,03;1,35;0,64;0,08;1239;0,65;60,55;14,35;8,86;10,77;0,50;0,76;2990;16,00;25,10;39,70;55,10
18.12.2023;20,93;5,55;3,48;66,25;1,30;0,62;0,10;1226;0,62;62,13;13,16;8,83;10,59;0,51;0,78;2993;15,30;24,50;39,90;54,40
19.12.2023;21,00;5,73;3,37;66,12;1,32;0,60;0,04;1225;0,61;60,00;14,96;9,49;10,25;0,43;0,66;2977;15,00;23,50;39,20;55,90
20.12.2023;21,13;5,54;3,48;66,19;1,32;0,56;0,04;1225;0,66;60,22;15,18;8,80;10,59;0,41;0,62;2991;15,10;24,10;40,00;56,00
21.12.2023;20,96;5,43;3,41;66,60;1,32;0,59;0,05;1210;0,71;63,81;11,98;8,63;10,38;0,44;0,67;3012;14,70;24,40;41,40;55,70
22.12.2023;20,91;5,66;3,49;66,51;1,12;0,56;0,08;1223;0,72;62,70;12,68;9,10;10,62;0,45;0,68;2990;15,80;26,10;42,50;56,20
23.12.2023;21,25;5,70;3,49;66,03;1,17;0,57;0,06;1260;0,56;58,40;16,89;9,21;10,62;0,44;0,66;3012;14,30;22,40;36,90;54,30
24.12.2023;;;;;;;;;;;;;;;;;;;;
25.12.2023;20,75;5,66;3,58;66,33;1,26;0,57;0,13;1236;0,72;62,65;12,25;8,95;10,89;0,51;0,77;2973;14,80;24,60;40,30;54,80
26.12.2023;21,01;5,61;3,50;66,23;1,20;0,58;0,07;1241;0,61;61,34;13,99;8,95;10,65;0,45;0,69;3034;16,00;25,50;39,00;55,30
27.12.2023;21,18;5,69;3,55;65,94;1,23;0,57;0,04;1238;0,52;58,54;16,59;9,08;10,80;0,42;0,63;3045;15,20;24,60;40,70;57,50
28.12.2023;21,18;5,72;3,47;65,82;1,25;0,60;0,05;1243;0,50;57,99;17,00;9,29;10,56;0,44;0,68;2980;14,60;23,20;38,00;55,10
29.12.2023;21,14;5,71;3,41;65,86;1,26;0,61;0,10;1208;0,58;58,25;16,69;9,37;10,38;0,50;0,76;3015;14,20;23,20;37,50;56,00
30.12.2023;21,03;5,56;3,40;66,22;1,28;0,62;0,12;1230;0,57;61,56;13,88;8,99;10,35;0,53;0,80;3001;14,80;23,20;38,60;54,10
31.12.2023;20,99;5,51;3,43;66,17;1,34;0,63;0,08;1210;0,54;61,91;13,50;8,80;10,44;0,49;0,75;2980;15,30;23,50;38,30;53,00
01.01.2024;21,01;5,56;3,42;66,22;1,31;0,64;0,04;1218;0,61;61,44;13,91;8,95;10,41;0,46;0,70;3015;15,50;25,60;40,50;56,00
02.01.2024;20,85;5,86;3,39;66,15;1,22;0,64;0,05;1246;0,62;60,61;14,08;9,80;10,32;0,47;0,72;2991;16,00;24,60;40,40;55,30
03.01.2024;21,21;5,78;3,16;65,87;1,30;0,64;0,09;1203;0,59;57,49;17,46;9,98;9,62;0,51;0,78;2994;16,00;25,10;40,30;55,00
04.01.2024;21,21;5,80;3,17;65,94;1,23;0,62;0,07;1223;0,54;58,03;17,05;10,01;9,65;0,48;0,73;3011;15,20;24,60;42,10;56,40
05.01.2024;21,23;5,87;3,16;65,96;1,18;0,60;0,12;1175;0,61;57,36;17,61;10,22;9,62;0,51;0,78;3037;15,70;26,10;41,90;56,70
06.01.2024;21,15;5,58;3,19;66,31;1,28;0,63;0,05;1204;0,66;60,81;14,78;9,40;9,71;0,46;0,71;3033;15,50;24,10;39,80;54,20
07.01.2024;21,13;5,72;3,39;66,18;1,15;0,60;0,05;1175;0,61;59,78;15,50;9,43;10,32;0,44;0,68;3016;14,20;22,80;35,90;49,90
08.01.2024;21,03;5,70;3,32;66,27;1,20;0,60;0,09;1180;0,65;60,84;14,42;9,49;10,10;0,48;0,74;3005;15,20;24,90;40,90;55,50
09.01.2024;20,83;5,64;3,30;66,54;1,18;0,60;0,10;1201;0,65;63,95;11,50;9,37;10,04;0,49;0,75;2990;16,50;26,10;42,20;56,00
10.01.2024;20,95;5,77;3,33;66,25;1,15;0,60;0,09;1217;0,62;61,15;13,96;9,66;10,13;0,48;0,74;2997;14,70;24,20;41,20;57,20
11.01.2024;21,28;5,63;3,25;66,16;1,26;0,62;0,04;1202;0,56;59,26;16,33;9,43;9,89;0,45;0,68;3005;14,10;23,80;40,20;57,30
12.01.2024;21,01;5,60;3,29;66,36;1,23;0,60;0,09;1214;0,61;62,15;13,37;9,28;10,01;0,48;0,74;3048;15,40;24,70;41,00;55,40
13.01.2024;20,97;5,83;3,30;66,20;1,24;0,57;0,11;1208;0,63;60,13;14,78;9,87;10,04;0,49;0,74;2998;14,90;24,80;40,70;55,60
14.01.2024;20,95;5,74;3,27;66,39;1,23;0,59;0,08;1203;0,66;61,61;13,61;9,68;9,95;0,47;0,71;2974;16,00;24,90;40,50;56,80
15.01.2024;20,92;5,74;3,27;66,52;1,24;0,50;0,07;1216;0,66;62,34;12,97;9,68;9,95;0,40;0,61;3044;17,20;26,50;42,00;56,40
16.01.2024;21,12;5,84;3,30;66,05;1,23;0,59;0,07;1233;0,56;58,63;16,34;9,90;10,04;0,46;0,70;3015;14,80;24,10;41,20;56,20
17.01.2024;21,13;5,78;3,32;65,93;1,28;0,59;0,07;1219;0,52;58,46;16,50;9,71;10,10;0,46;0,70;3055;16,30;24,90;41,70;58,20
18.01.2024;21,23;5,59;3,34;65,84;1,36;0,64;0,07;1218;0,46;58,60;16,68;9,17;10,16;0,49;0,75;3014;14,60;24,10;39,90;53,90
19.01.2024;21,07;5,57;3,30;66,20;1,36;0,63;0,07;1204;0,53;61,19;14,27;9,18;10,04;0,48;0,74;3005;15,80;25,30;40,80;55,40
20.01.2024;20,90;5,57;3,32;66,35;1,39;0,63;0,07;1210;0,67;62,40;12,87;9,15;10,10;0,48;0,74;3024;15,70;24,50;40,80;55,70
21.01.2024;20,90;5,56;3,27;66,35;1,37;0,63;0,09;1203;0,63;62,76;12,60;9,21;9,95;0,50;0,77;3019;16,80;26,60;43,70;58,30
22.01.2024;20,73;5,66;3,29;66,44;1,34;0,62;0,07;1198;0,70;63,52;11,54;9,44;10,01;0,48;0,73;2990;16,40;25,80;42,80;56,70
23.01.2024;20,85;5,64;3,24;66,23;1,37;0,64;0,14;1212;0,57;62,40;12,72;9,47;9,86;0,56;0,85;2985;15,80;24,40;41,80;54,50
24.01.2024;20,99;5,61;3,20;66,12;1,49;0,67;0,07;1208;0,49;61,13;14,08;9,46;9,74;0,51;0,78;2990;16,40;25,60;41,90;56,60
25.01.2024;20,81;5,66;3,23;66,41;1,36;0,65;0,07;1215;0,66;62,98;12,17;9,54;9,83;0,50;0,76;3048;16,40;25,90;41,90;55,50
26.01.2024;20,70;5,72;3,27;66,36;1,34;0,63;0,07;1216;0,73;62,93;11,90;9,63;9,95;0,48;0,74;3050;16,00;25,30;43,00;55,30
27.01.2024;20,71;5,66;3,36;66,48;1,28;0,62;0,07;1217;0,70;63,91;11,19;9,32;10,22;0,48;0,73;3032;16,10;24,90;40,10;56,50
28.01.2024;20,95;5,66;3,30;66,17;1,35;0,64;0,07;1211;0,60;61,11;13,98;9,42;10,04;0,49;0,75;2988;16,20;24,70;40,50;53,80
29.01.2024;20,96;5,68;3,29;66,18;1,30;0,63;0,07;1192;0,55;61,30;13,87;9,49;10,01;0,48;0,74;3065;16,30;25,50;41,30;56,50
30.01.2024;20,89;5,67;3,24;66,51;1,24;0,61;0,07;1188;0,63;63,16;12,27;9,55;9,86;0,47;0,72;3052;17,10;26,10;41,40;55,00
31.01.2024;20,97;5,70;3,28;66,35;1,24;0,61;0,07;1199;0,63;61,65;13,64;9,56;9,98;0,47;0,72;2992;15,60;24,90;40,90;55,70
01.02.2024;21,11;5,67;3,27;66,18;1,35;0,62;0,07;1189;0,49;60,36;15,01;9,50;9,95;0,48;0,73;2987;15,80;23,90;39,60;53,50
02.02.2024;21,21;5,64;3,24;66,10;1,34;0,61;0,07;1188;0,56;59,26;16,12;9,47;9,86;0,47;0,72;3046;15,50;24,20;41,20;53,20
03.02.2024;20,82;5,64;3,26;66,26;1,55;0,62;0,07;1178;0,63;61,97;12,97;9,44;9,92;0,48;0,73;3033;14,70;22,70;38,10;53,10
04.02.2024;21,14;5,65;3,26;66,16;1,40;0,63;0,07;1211;0,52;59,94;15,42;9,46;9,92;0,48;0,74;3030;15,50;23,80;39,90;52,50
05.02.2024;21,15;5,74;3,31;65,92;1,35;0,61;0,07;1226;0,58;58,11;16,83;9,62;10,07;0,47;0,72;2979;15,30;24,00;36,60;54,00
06.02.2024;;;;;;;;;;;;;;;;;;;;
07.02.2024;;;;;;;;;;;;;;;;;;;;
08.02.2024;;;;;;;;;;;;;;;;;;;;
09.02.2024;;;;;;;;;;;;;;;;;;;;
10.02.2024;;;;;;;;;;;;;;;;;;;;
11.02.2024;;;;;;;;;;;;;;;;;;;;
12.02.2024;;;;;;;;;;;;;;;;;;;;
13.02.2024;;;;;;;;;;;;;;;;;;;;
14.02.2024;;;;;;;;;;;;;;;;;;;;
15.02.2024;;;;;;;;;;;;;;;;;;;;
16.02.2024;;;;;;;;;;;;;;;;;;;;
17.02.2024;;;;;;;;;;;;;;;;;;;;
18.02.2024;;;;;;;;;;;;;;;;;;;;
19.02.2024;;;;;;;;;;;;;;;;;;;;
20.02.2024;;;;;;;;;;;;;;;;;;;;
21.02.2024;;;;;;;;;;;;;;;;;;;;
22.02.2024;;;;;;;;;;;;;;;;;;;;
23.02.2024;;;;;;;;;;;;;;;;;;;;
24.02.2024;;;;;;;;;;;;;;;;;;;;
25.02.2024;;;;;;;;;;;;;;;;;;;;
26.02.2024;;;;;;;;;;;;;;;;;;;;
27.02.2024;;;;;;;;;;;;;;;;;;;;
28.02.2024;;;;;;;;;;;;;;;;;;;;
29.02.2024;21,07;5,69;3,23;66,17;1,35;0,60;0,07;1280;0,43;60,79;14,57;9,62;9,83;0,46;0,71;2960;13,00;22,30;39,70;59,40
01.03.2024;20,68;5,76;3,30;66,22;1,42;0,66;0,07;1225;0,56;62,66;12,04;9,69;10,04;0,50;0,77;2985;17,30;26,30;42,80;54,80
02.03.2024;20,87;5,75;3,24;66,32;1,32;0,67;0,07;1194;0,53;62,18;12,95;9,76;9,86;0,51;0,78;2960;15,60;24,40;40,70;51,50
03.03.2024;20,94;5,85;3,28;66,26;1,16;0,61;0,07;1180;0,60;60,85;14,15;9,96;9,98;0,47;0,72;2974;16,40;25,40;40,90;55,20
04.03.2024;21,09;5,91;3,35;65,98;1,22;0,63;0,07;1223;0,56;58,06;16,69;10,00;10,19;0,48;0,74;2957;16,00;24,10;40,40;55,50
05.03.2024;21,04;5,85;3,28;66,06;1,23;0,61;0,11;1216;0,57;59,20;15,69;9,96;9,98;0,51;0,78;2970;15,30;24,70;38,90;54,80
06.03.2024;20,86;5,74;3,20;66,42;1,25;0,58;0,09;1192;0,64;62,54;12,65;9,80;9,74;0,47;0,72;3038;16,70;25,80;42,70;55,00
07.03.2024;20,67;5,79;3,28;66,23;1,40;0,66;0,09;1211;0,59;62,54;12,11;9,80;9,98;0,52;0,80;3024;17,00;26,40;45,00;57,30
08.03.2024;21,01;5,77;3,25;66,08;1,25;0,63;0,06;1223;0,36;60,89;14,33;9,80;9,89;0,47;0,72;3080;16,50;26,00;41,80;56,10
09.03.2024;21,10;5,82;3,20;65,94;1,28;0,64;0,15;1208;0,48;58,79;16,16;10,02;9,74;0,57;0,87;3035;15,20;25,10;42,50;56,20
10.03.2024;20,97;5,73;3,24;66,34;1,19;0,63;0,08;1178;0,52;62,05;13,33;9,71;9,86;0,49;0,75;3042;16,50;24,90;41,20;56,00
11.03.2024;21,00;5,73;3,27;66,18;1,33;0,64;0,06;1165;0,60;60,40;14,66;9,66;9,95;0,48;0,73;2990;16,80;24,50;40,10;56,90
12.03.2024;21,17;5,70;3,27;66,16;1,14;0,61;0,12;1205;0,58;59,86;15,56;9,58;9,95;0,52;0,79;3025;15,80;25,20;39,90;55,30
13.03.2024;21,10;5,75;3,21;66,41;1,06;0,60;0,07;1197;0,49;61,75;13,93;9,81;9,77;0,46;0,71;3060;16,30;25,60;41,30;57,40
14.03.2024;21,00;5,80;3,24;66,33;1,10;0,61;0,11;1203;0,49;61,69;13,69;9,89;9,86;0,51;0,78;3040;16,30;25,10;41,60;55,60
15.03.2024;21,01;5,85;3,23;66,23;1,12;0,61;0,12;1204;0,62;60,30;14,77;10,04;9,83;0,52;0,79;3021;15,00;24,80;42,20;55,50
16.03.2024;21,04;5,82;3,28;66,38;1,02;0,60;0,06;1179;0,56;61,34;14,07;9,88;9,98;0,45;0,69;3045;15,40;24,60;40,90;54,50
17.03.2024;21,03;5,81;3,25;66,20;1,16;0,61;0,12;1196;0,61;60,19;14,91;9,90;9,89;0,52;0,79;3024;15,90;25,80;42,70;54,70
18.03.2024;21,01;5,83;3,28;66,13;1,17;0,60;0,10;1198;0,53;60,18;14,86;9,91;9,98;0,49;0,75;2979;15,40;24,50;38,60;51,70
19.03.2024;21,06;5,74;3,24;66,11;1,23;0,60;0,09;1190;0,56;60,09;15,07;9,74;9,86;0,48;0,74;2959;15,00;24,00;36,90;51,30
20.03.2024;21,02;5,64;3,28;66,29;1,25;0,63;0,08;1191;0,53;61,80;13,66;9,40;9,98;0,49;0,75;2998;16,10;25,00;42,50;55,40
21.03.2024;21,25;5,63;3,33;66,10;1,21;0,60;0,08;1196;0,49;59,55;16,02;9,29;10,13;0,47;0,72;2980;15,30;24,20;39,60;55,20
22.03.2024;21,01;5,56;3,27;66,37;1,34;0,60;0,07;1208;0,47;62,75;12,93;9,21;9,95;0,46;0,71;3052;16,50;26,20;41,90;54,20
23.03.2024;21,11;5,57;3,35;66,28;1,27;0,62;0,06;1208;0,60;61,11;14,45;9,10;10,19;0,47;0,71;3014;15,50;23,20;37,80;53,20
24.03.2024;20,87;5,62;3,27;66,56;1,20;0,62;0,06;1208;0,60;64,05;11,54;9,37;9,95;0,47;0,71;3080;16,10;25,50;40,50;55,50
25.03.2024;20,99;5,67;3,26;66,39;1,20;0,65;0,05;1213;0,66;61,88;13,52;9,52;9,92;0,48;0,73;3040;16,10;24,70;39,20;54,50
26.03.2024;21,04;5,76;3,27;66,38;1,05;0,65;0,07;1210;0,70;61,10;14,25;9,74;9,95;0,50;0,76;3085;16,80;25,70;40,30;54,00
27.03.2024;21,35;5,79;3,28;66,17;0,88;0,65;0,08;1225;0,48;59,06;16,68;9,80;9,98;0,51;0,77;3019;14,60;23,30;35,40;52,00
28.03.2024;21,23;5,72;3,24;66,37;0,87;0,65;0,08;1183;0,73;60,32;15,38;9,68;9,86;0,51;0,77;2982;15,00;23,60;35,80;52,00
29.03.2024;21,13;5,74;3,22;66,42;0,90;0,64;0,09;1180;1,00;59,99;15,34;9,77;9,80;0,51;0,78;3059;15,90;24,50;37,30;51,60
30.03.2024;21,08;5,65;3,25;66,37;1,00;0,66;0,10;1177;0,55;62,28;13,48;9,48;9,89;0,53;0,81;3014;16,00;25,20;39,30;53,80
31.03.2024;20,89;5,65;3,32;66,55;1,02;0,66;0,10;1198;0,70;63,69;11,87;9,36;10,10;0,53;0,81;3065;15,70;26,70;41,70;54,30
01.04.2024;21,10;5,76;3,31;66,38;0,95;0,62;0,09;1199;0,75;60,67;14,75;9,67;10,07;0,50;0,76;3023;16,10;25,50;41,10;55,00
02.04.2024;21,17;5,60;3,31;66,40;0,99;0,59;0,09;1198;0,67;61,51;14,32;9,25;10,07;0,48;0,73;3083;17,40;25,80;41,30;53,70
03.04.2024;21,20;5,75;3,26;66,57;0,91;0,53;0,06;1213;0,56;61,71;14,25;9,73;9,92;0,41;0,62;3016;14,80;25,10;39,20;55,00
04.04.2024;21,19;5,89;3,29;66,33;0,96;0,56;0,08;1223;0,58;59,60;15,81;10,05;10,01;0,45;0,68;2985;14,40;22,80;36,80;52,50
05.04.2024;21,18;5,72;3,15;66,38;1,05;0,63;0,08;1190;0,69;60,52;15,09;9,83;9,59;0,49;0,75;3013;15,80;24,00;38,10;54,20
06.04.2024;20,99;5,74;3,12;66,58;1,06;0,61;0,07;1177;0,81;62,17;13,30;9,94;9,49;0,47;0,72;2983;14,80;23,90;38,20;51,00
07.04.2024;21,14;5,84;3,13;66,33;1,04;0,62;0,08;1191;0,67;59,95;15,40;10,19;9,52;0,49;0,74;3011;14,90;24,50;37,70;53,80
08.04.2024;21,28;5,84;3,15;66,19;1,07;0,63;0,06;1203;0,66;58,25;17,09;10,15;9,59;0,47;0,72;3025;14,50;23,40;37,40;53,50
09.04.2024;21,11;5,79;3,14;66,55;0,99;0,60;0,10;1192;0,77;61,13;14,43;10,04;9,56;0,49;0,75;3007;15,10;22,60;36,70;49,80
10.04.2024;21,01;5,75;3,11;66,52;1,15;0,61;0,07;1160;0,81;61,46;13,89;9,98;9,46;0,47;0,72;3044;15,60;24,40;39,90;52,60
11.04.2024;20,91;5,68;3,12;66,66;1,12;0,60;0,09;1172;0,84;63,21;12,29;9,78;9,49;0,48;0,74;3044;15,50;23,90;39,50;52,90
12.04.2024;21,20;5,81;3,23;65,97;1,17;0,62;0,09;1188;0,56;58,17;16,92;9,94;9,83;0,50;0,76;2970;14,50;23,50;37,60;52,00
13.04.2024;21,37;5,63;3,09;66,16;1,22;0,63;0,07;1215;0,46;59,32;16,54;9,70;9,40;0,48;0,74;3008;15,70;23,80;38,20;53,40
14.04.2024;21,23;5,62;3,36;66,15;1,04;0,61;0,09;1196;0,48;60,46;15,28;9,21;10,22;0,49;0,75;2992;16,00;24,20;37,00;51,70
15.04.2024;21,23;5,46;3,30;66,57;0,95;0,55;0,06;1176;0,65;62,89;13,44;8,89;10,04;0,42;0,64;3049;15,70;24,70;37,90;52,80
16.04.2024;20,92;5,57;3,38;66,59;1,02;0,61;0,08;1191;0,63;64,36;11,45;9,05;10,29;0,48;0,73;3089;17,00;26,30;40,50;53,50
17.04.2024;20,71;5,58;3,31;66,87;1,07;0,63;0,08;1175;0,70;66,70;9,08;9,19;10,07;0,49;0,75;3007;17,00;25,80;40,60;53,50
18.04.2024;20,83;5,66;3,46;66,81;0,95;0,57;0,07;1168;0,61;65,50;10,33;9,15;10,53;0,45;0,68;2998;15,50;24,40;40,00;54,90
19.04.2024;21,12;5,82;3,36;66,21;1,03;0,64;0,07;1187;0,70;59,33;15,82;9,74;10,22;0,49;0,75;3049;15,00;24,10;36,50;52,40
20.04.2024;21,20;5,70;3,49;66,38;0,88;0,60;0,06;1164;0,53;61,15;14,67;9,21;10,62;0,45;0,69;3039;15,00;25,10;37,20;51,10
21.04.2024;21,32;5,77;3,54;66,09;0,86;0,61;0,08;1196;0,49;58,74;16,84;9,31;10,77;0,48;0,73;3029;14,80;22,50;33,20;49,50
22.04.2024;21,23;5,89;3,41;66,00;1,03;0,59;0,07;1193;0,60;57,50;17,51;9,85;10,38;0,46;0,70;2965;14,30;21,50;31,30;47,60
23.04.2024;20,93;5,63;3,33;66,77;1,00;0,54;0,08;1156;0,70;64,47;11,40;9,29;10,13;0,44;0,66;2989;15,60;24,80;40,10;54,80
24.04.2024;21,04;5,73;3,35;66,39;1,01;0,60;0,10;1202;0,70;61,35;14,07;9,52;10,19;0,49;0,75;3075;15,10;24,60;40,90;54,00
25.04.2024;21,01;5,75;3,34;66,21;1,08;0,62;0,07;1197;0,74;60,36;14,73;9,59;10,16;0,48;0,73;3026;16,20;23,50;37,50;52,20
26.04.2024;21,02;5,73;3,24;66,37;1,11;0,60;0,08;1175;0,63;61,57;13,84;9,71;9,86;0,47;0,72;3090;15,60;25,50;38,90;52,70
27.04.2024;21,06;5,64;3,28;66,48;1,09;0,57;0,07;1173;0,81;61,59;13,94;9,40;9,98;0,45;0,68;3086;16,90;24,00;38,30;54,50
28.04.2024;21,19;5,76;3,29;66,16;1,14;0,55;0,08;1189;0,58;59,27;16,06;9,70;10,01;0,44;0,67;3025;15,40;23,70;37,80;54,30
29.04.2024;21,23;5,63;3,18;66,47;1,12;0,55;0,06;1180;0,53;61,52;14,48;9,55;9,68;0,42;0,64;3044;15,80;25,30;38,80;54,80
30.04.2024;20,91;5,78;3,29;66,30;1,22;0,55;0,11;1205;0,67;61,24;13,77;9,76;10,01;0,47;0,72;3070;15,90;24,90;41,20;55,90
01.05.2024;21,04;5,67;3,27;66,33;1,25;0,58;0,07;1188;0,56;61,51;13,95;9,50;9,95;0,45;0,69;3016;17,20;25,90;42,50;57,70
02.05.2024;20,91;5,78;3,28;66,39;1,18;0,57;0,09;1193;0,49;62,47;12,85;9,77;9,98;0,47;0,71;3056;15,50;23,80;39,50;52,30
03.05.2024;21,01;5,77;3,28;66,42;1,13;0,58;0,06;1184;0,46;62,16;13,37;9,75;9,98;0,44;0,67;3050;15,50;25,20;42,20;55,30
04.05.2024;20,95;5,84;3,30;66,40;1,08;0,59;0,09;1203;0,66;61,37;13,79;9,90;10,04;0,48;0,73;3054;15,60;24,00;38,60;54,70
05.05.2024;21,01;5,72;3,28;66,48;1,12;0,57;0,07;1183;0,56;62,36;13,21;9,61;9,98;0,45;0,68;3080;15,60;24,10;41,20;55,60
06.05.2024;21,01;5,76;3,27;66,48;1,10;0,60;0,09;1217;0,52;62,33;13,24;9,74;9,95;0,48;0,74;3028;15,90;25,00;40,50;55,30
07.05.2024;21,00;5,78;3,19;66,54;1,06;0,61;0,08;1201;0,52;62,74;12,90;9,93;9,71;0,48;0,73;3045;16,10;25,30;41,30;55,00
08.05.2024;21,00;5,74;3,28;66,52;1,06;0,58;0,07;1198;0,56;62,64;12,98;9,67;9,98;0,45;0,69;3041;15,10;24,10;41,30;54,70
09.05.2024;21,20;5,76;3,32;66,30;1,02;0,59;0,09;1215;0,58;60,06;15,49;9,65;10,10;0,48;0,73;3050;14,40;23,20;38,10;53,80
10.05.2024;21,18;5,75;3,20;66,40;1,07;0,61;0,05;1195;0,74;60,07;15,43;9,83;9,74;0,45;0,69;3065;15,40;25,10;39,70;54,40
11.05.2024;20,97;5,73;3,22;66,62;1,06;0,60;0,05;1195;0,53;63,55;12,20;9,74;9,80;0,44;0,68;3080;15,00;24,40;39,70;53,60
12.05.2024;21,13;5,88;3,31;66,31;1,01;0,56;0,05;1233;0,46;60,36;15,07;9,99;10,07;0,42;0,64;3032;13,70;23,80;39,40;55,40
13.05.2024;21,13;5,80;3,37;66,28;1,04;0,58;0,08;1230;0,53;60,32;15,10;9,67;10,25;0,46;0,70;2978;14,00;23,80;38,20;53,90
14.05.2024;21,09;5,79;3,43;66,20;1,06;0,62;0,06;1225;0,70;59,53;15,58;9,55;10,44;0,47;0,71;2948;14,00;22,80;36,20;52,30
15.05.2024;21,14;5,84;3,32;66,17;1,07;0,60;0,07;1238;0,66;58,99;16,13;9,87;10,10;0,46;0,71;3015;15,30;23,10;38,00;52,40
16.05.2024;21,04;5,88;3,41;66,11;1,07;0,63;0,07;1222;0,51;59,71;15,30;9,82;10,38;0,48;0,74;2989;14,80;23,80;39,60;55,30
17.05.2024;21,00;5,87;3,33;66,24;1,07;0,62;0,09;1230;0,53;60,65;14,48;9,93;10,13;0,50;0,76;2986;14,70;23,60;38,20;53,30
18.05.2024;20,98;5,81;3,32;66,36;1,07;0,64;0,09;1175;0,57;61,54;13,75;9,79;10,10;0,51;0,78;2985;15,40;23,60;38,10;54,10
19.05.2024;21,16;5,89;3,38;66,02;1,05;0,63;0,06;1253;0,53;58,39;16,64;9,90;10,29;0,47;0,72;2985;15,00;23,00;37,20;54,60
20.05.2024;21,17;5,71;3,25;66,37;1,00;0,56;0,09;1181;0,53;61,28;14,49;9,64;9,89;0,46;0,69;2998;16,10;23,60;38,00;54,20
21.05.2024;21,24;5,62;3,27;66,44;0,98;0,59;0,09;1208;0,50;61,78;14,31;9,37;9,95;0,48;0,73;3065;15,00;23,80;36,80;54,10
22.05.2024;21,26;5,51;3,36;66,25;0,91;0,59;0,06;1209;0,67;60,97;14,98;8,92;10,22;0,45;0,68;3050;15,20;24,60;39,00;52,80
23.05.2024;21,26;5,55;3,35;66,14;0,94;0,58;0,09;1230;0,51;60,84;15,08;9,05;10,19;0,47;0,72;3000;15,00;23,80;38,30;53,20
24.05.2024;21,22;5,61;3,30;66,09;1,00;0,61;0,06;1193;0,43;60,76;15,02;9,29;10,04;0,46;0,70;3013;15,90;24,70;39,60;54,90
25.05.2024;21,04;5,59;3,25;66,34;1,04;0,60;0,06;1175;0,47;63,08;12,76;9,32;9,89;0,45;0,69;3048;16,40;24,70;41,20;55,20
26.05.2024;21,05;5,67;3,30;66,25;1,02;0,59;0,06;1226;0,57;61,68;13,85;9,45;10,04;0,45;0,68;2995;15,90;24,60;40,50;55,80
27.05.2024;21,07;5,65;3,19;66,20;1,09;0,63;0,06;1223;0,47;61,82;13,80;9,58;9,71;0,47;0,72;3058;14,70;24,30;41,60;56,00
28.05.2024;20,91;5,68;3,32;66,21;1,04;0,63;0,09;1218;0,57;62,42;12,88;9,44;10,10;0,50;0,77;3024;15,40;26,30;41,70;54,50
29.05.2024;21,24;5,64;3,22;65,98;1,05;0,63;0,08;1221;0,44;59,89;15,74;9,50;9,80;0,49;0,75;2980;14,20;24,20;41,00;55,70
30.05.2024;21,25;5,68;3,30;66,03;0,95;0,64;0,07;1208;0,63;59,15;16,33;9,48;10,04;0,49;0,75;3003;14,40;23,70;40,50;54,30
31.05.2024;20,89;5,77;3,34;66,21;0,99;0,62;0,07;1202;0,55;62,17;13,02;9,65;10,16;0,48;0,73;3041;15,50;24,70;40,40;54,80
01.06.2024;21,14;5,74;3,30;65,90;1,03;0,66;0,09;1217;0,56;59,11;16,04;9,63;10,04;0,52;0,80;3079;15,50;23,80;37,70;52,40
02.06.2024;21,16;5,78;3,21;65,89;1,03;0,68;0,07;1219;0,54;58,86;16,29;9,89;9,77;0,52;0,79;3059;15,60;23,90;38,00;53,20
03.06.2024;21,12;5,80;3,23;66,01;1,01;0,67;0,06;1232;0,59;59,34;15,81;9,91;9,83;0,50;0,76;3020;15,20;23,40;36,90;52,20
04.06.2024;21,17;5,73;3,19;66,08;0,97;0,68;0,08;1224;0,49;60,29;15,23;9,79;9,71;0,53;0,80;3022;14,90;23,90;37,30;53,40
05.06.2024;21,37;5,58;3,34;66,05;0,92;0,66;0,09;1215;0,55;59,34;16,52;9,14;10,16;0,52;0,80;3012;13,80;22,70;37,60;52,20
06.06.2024;21,43;5,57;3,45;66,01;0,83;0,64;0,10;1181;0,63;58,56;17,28;8,93;10,50;0,52;0,79;3090;14,10;23,40;38,10;51,60
07.06.2024;21,11;5,51;3,45;66,34;0,85;0,61;0,07;1192;0,60;62,81;13,16;8,77;10,50;0,47;0,72;3026;15,50;25,10;40,80;54,00
08.06.2024;20,89;5,62;3,47;66,32;0,87;0,64;0,09;1195;0,53;63,86;11,74;9,03;10,56;0,51;0,78;3081;16,60;25,20;38,50;51,50
09.06.2024;20,85;5,70;3,47;66,26;0,88;0,65;0,07;1219;0,60;63,07;12,22;9,24;10,56;0,50;0,76;2989;16,50;24,30;37,10;52,70
10.06.2024;20,99;5,63;3,40;66,22;0,92;0,62;0,08;1212;0,73;61,77;13,60;9,17;10,35;0,49;0,74;3031;16,30;25,90;41,10;56,00
11.06.2024;21,03;5,62;3,48;66,07;0,94;0,64;0,09;1199;0,67;60,99;14,30;9,01;10,59;0,51;0,78;2985;15,70;24,50;38,40;52,90
12.06.2024;20,91;5,64;3,50;66,12;0,97;0,67;0,08;1206;0,72;61,66;13,46;9,03;10,65;0,52;0,79;3071;15,90;24,70;38,60;52,90
13.06.2024;21,27;5,68;3,49;65,72;1,04;0,67;0,07;1233;0,60;57,33;17,76;9,15;10,62;0,51;0,78;2982;13,30;21,60;34,30;50,50
14.06.2024;21,37;5,68;3,39;65,73;0,99;0,60;0,09;1210;0,50;57,30;18,06;9,32;10,32;0,48;0,74;3022;13,80;21,70;35,70;51,90
15.06.2024;21,10;5,73;3,37;65,99;0,94;0,62;0,08;1189;0,58;59,92;15,31;9,49;10,25;0,49;0,74;3042;16,30;24,30;36,70;50,90
16.06.2024;20,75;5,62;3,30;66,38;1,03;0,66;0,06;1188;0,80;63,86;11,34;9,32;10,04;0,49;0,75;3021;15,70;24,30;38,30;51,10
17.06.2024;21,12;5,67;3,40;65,88;1,00;0,61;0,18;1222;0,60;59,44;15,74;9,28;10,35;0,58;0,88;2997;14,40;23,70;38,60;53,00
18.06.2024;20,95;5,65;3,37;66,19;0,96;0,61;0,07;1212;0,57;62,40;13,02;9,28;10,25;0,47;0,72;3080;15,20;23,00;36,60;50,90
19.06.2024;20,97;5,52;3,46;66,38;0,88;0,60;0,08;1207;0,67;63,58;12,18;8,78;10,53;0,47;0,72;3085;14,50;24,30;37,20;50,60
20.06.2024;20,97;5,52;3,46;66,38;0,88;0,60;0,08;1219;0,67;63,58;12,18;8,78;10,53;0,47;0,72;3052;15,00;24,70;38,40;51,80
21.06.2024;21,11;5,52;3,51;66,20;0,88;0,58;0,08;1202;0,63;61,88;13,87;8,70;10,68;0,46;0,70;3090;15,40;25,20;39,80;56,10
22.06.2024;21,15;5,61;3,59;66,04;0,82;0,60;0,07;1216;0,58;60,58;14,96;8,80;10,92;0,46;0,71;3024;14,50;23,50;36,20;52,70
23.06.2024;21,03;5,65;3,53;66,34;0,78;0,54;0,06;1212;0,59;62,60;13,09;9,01;10,74;0,42;0,63;3020;14,70;24,10;37,20;53,00
24.06.2024;21,15;5,62;3,49;66,14;0,88;0,57;0,09;1208;0,57;60,93;14,70;8,99;10,62;0,47;0,71;2989;14,30;24,00;38,00;53,70
25.06.2024;21,00;5,81;3,51;66,07;0,88;0,58;0,07;1184;0,70;59,95;15,00;9,46;10,68;0,45;0,69;2965;14,90;23,70;36,70;53,50
26.06.2024;21,17;5,70;3,41;65,98;0,97;0,59;0,08;1209;0,48;59,81;15,59;9,34;10,38;0,47;0,71;2962;13,50;22,40;36,70;52,80
27.06.2024;21,20;5,65;3,34;65,94;1,05;0,59;0,04;1192;0,52;59,47;15,94;9,33;10,16;0,43;0,65;2977;14,40;23,30;39,30;55,40
28.06.2024;21,10;5,70;3,36;65,99;1,02;0,59;0,05;1167;0,57;59,95;15,29;9,43;10,22;0,44;0,67;2980;14,40;24,50;40,00;53,60
29.06.2024;21,11;5,64;3,35;66,00;1,01;0,63;0,10;1197;0,56;60,41;14,97;9,28;10,19;0,51;0,78;3043;14,70;24,50;41,10;56,20
30.06.2024;21,04;5,66;3,36;65,98;1,08;0,64;0,06;1193;0,62;60,26;14,89;9,32;10,22;0,48;0,73;3044;16,10;25,50;40,70;54,90
01.07.2024;21,15;5,67;3,35;65,81;1,08;0,63;0,06;1199;0,60;58,76;16,33;9,36;10,19;0,47;0,72;3026;14,80;23,90;39,90;56,60
02.07.2024;21,11;5,67;3,30;65,96;1,07;0,63;0,04;1210;0,52;60,10;15,21;9,45;10,04;0,45;0,69;3012;14,90;23,30;39,50;53,60
03.07.2024;21,23;5,65;3,26;65,87;1,02;0,63;0,10;1167;0,55;59,03;16,36;9,46;9,92;0,51;0,78;3008;15,80;24,70;39,80;53,90
04.07.2024;20,97;5,71;3,32;65,77;1,18;0,66;0,09;1210;0,63;59,33;15,39;9,52;10,10;0,52;0,80;3073;15,70;25,20;40,00;53,10
05.07.2024;21,01;5,70;3,23;65,83;1,17;0,66;0,08;1200;0,59;59,66;15,25;9,65;9,83;0,51;0,78;3062;16,10;24,70;39,00;55,20
06.07.2024;21,21;5,62;3,24;65,75;1,15;0,65;0,09;1199;0,58;58,43;16,75;9,42;9,86;0,52;0,79;3066;16,10;25,10;40,90;54,20
07.07.2024;21,13;5,57;3,32;65,91;1,16;0,65;0,08;1222;0,69;59,44;15,76;9,15;10,10;0,51;0,77;3084;15,10;24,90;40,60;53,50
08.07.2024;21,23;5,65;3,26;65,90;1,07;0,63;0,08;1195;0,60;58,81;16,52;9,46;9,92;0,49;0,75;3013;15,10;24,40;38,80;52,30
09.07.2024;21,27;5,48;3,24;66,23;1,04;0,62;0,08;1202;0,44;61,76;14,42;9,05;9,86;0,49;0,74;3062;15,10;25,00;40,30;54,50
10.07.2024;21,00;5,54;3,33;66,35;1,07;0,59;0,08;1198;0,51;63,39;12,41;9,05;10,13;0,47;0,71;3066;15,40;25,20;42,20;55,70
11.07.2024;21,29;5,73;3,40;65,87;0,91;0,59;0,08;1191;0,66;57,71;17,53;9,44;10,35;0,47;0,71;3062;14,50;24,20;40,90;56,20
12.07.2024;20,96;5,64;3,46;66,41;0,78;0,61;0,07;1195;0,69;63,18;12,46;9,10;10,53;0,47;0,72;3090;15,90;24,90;40,60;55,80
13.07.2024;20,85;5,60;3,40;66,37;1,00;0,64;0,08;1231;0,70;63,54;11,87;9,09;10,35;0,50;0,76;3078;15,90;23,90;39,50;53,00
14.07.2024;20,80;5,59;3,26;66,44;0,98;0,64;0,08;1220;0,59;64,98;10,64;9,30;9,92;0,50;0,76;3054;14,70;24,00;38,60;54,00
15.07.2024;20,73;5,72;3,38;66,32;0,94;0,66;0,08;1210;0,61;64,01;11,17;9,45;10,29;0,51;0,78;3033;14,70;24,50;38,90;54,40
16.07.2024;21,02;5,67;3,29;66,05;1,03;0,67;0,09;1228;0,55;61,16;14,15;9,47;10,01;0,53;0,81;3010;14,00;22,60;35,70;51,50
17.07.2024;21,13;5,80;3,39;65,47;1,16;0,68;0,09;1242;0,47;56,90;17,68;9,64;10,32;0,54;0,82;3055;13,30;22,20;34,70;51,20
18.07.2024;20,85;5,71;3,36;65,81;1,25;0,69;0,08;1236;0,61;60,23;14,36;9,45;10,22;0,53;0,81;3027;14,80;23,70;38,70;52,80
19.07.2024;21,23;5,79;3,33;65,63;0,99;0,65;0,09;1233;0,48;57,39;17,60;9,72;10,13;0,52;0,79;2985;13,30;22,70;36,40;52,10
20.07.2024;21,06;5,66;3,31;66,03;1,06;0,64;0,08;1178;0,59;60,56;14,72;9,41;10,07;0,50;0,76;2978;14,30;23,20;36,80;52,80
21.07.2024;21,03;5,43;3,35;66,27;1,12;0,63;0,08;1180;0,62;62,96;12,82;8,73;10,19;0,49;0,75;2999;14,20;23,50;36,60;54,70
22.07.2024;20,87;5,55;3,50;66,30;1,08;0,57;0,08;1184;0,59;63,51;11,94;8,79;10,65;0,46;0,69;3067;15,90;25,00;40,60;56,90
23.07.2024;21,12;5,55;3,28;66,32;0,96;0,58;0,09;1152;0,62;62,23;13,63;9,16;9,98;0,47;0,72;3024;15,30;25,30;40,00;55,00
24.07.2024;21,04;5,77;3,49;66,13;0,84;0,57;0,10;1201;0,48;61,20;14,18;9,39;10,62;0,48;0,72;3041;14,80;24,60;39,20;55,60
25.07.2024;21,09;5,79;3,44;65,92;0,99;0,61;0,04;1194;0,47;59,51;15,59;9,53;10,47;0,44;0,67;3014;15,90;25,40;40,60;55,50
26.07.2024;21,33;5,66;3,20;65,87;1,10;0,65;0,04;1183;0,55;58,06;17,37;9,59;9,74;0,47;0,71;3050;16,10;25,80;40,90;54,50
27.07.2024;21,15;5,68;3,25;65,87;1,06;0,67;0,04;1188;0,52;59,46;15,80;9,56;9,89;0,48;0,73;3081;16,10;25,10;39,30;53,40
28.07.2024;21,13;5,62;3,21;66,07;1,02;0,64;0,05;1186;0,48;61,17;14,46;9,47;9,77;0,47;0,72;3065;16,40;24,90;40,70;54,60
29.07.2024;20,95;5,63;3,26;66,26;1,05;0,68;0,04;1190;0,59;62,63;12,84;9,41;9,92;0,49;0,74;3050;16,40;25,20;39,60;52,20
30.07.2024;21,16;5,71;3,20;66,05;0,99;0,64;0,06;1189;0,51;60,23;15,25;9,72;9,74;0,48;0,73;2995;15,90;26,10;40,30;54,70
31.07.2024;20,86;5,67;3,21;66,46;0,98;0,65;0,05;1178;0,51;64,46;11,20;9,60;9,77;0,48;0,73;3010;16,70;26,20;43,30;55,50
01.08.2024;20,87;5,88;3,30;66,11;1,03;0,63;0,04;1228;0,53;61,20;13,69;10,01;10,04;0,45;0,69;3016;15,50;26,00;41,30;54,60
02.08.2024;21,12;5,87;3,25;65,87;0,93;0,66;0,08;1234;0,52;58,78;16,23;10,06;9,89;0,51;0,78;3084;15,30;25,20;38,90;52,80
03.08.2024;20,93;5,83;3,20;66,03;0,97;0,65;0,14;1206;0,54;61,02;13,99;10,04;9,74;0,57;0,86;3025;16,10;25,00;40,20;52,90
04.08.2024;21,05;5,67;3,16;66,14;1,00;0,73;0,05;1204;0,55;61,57;13,92;9,69;9,62;0,53;0,81;3041;15,70;25,20;39,90;52,50
05.08.2024;21,12;5,83;3,23;65,84;0,96;0,73;0,04;1218;0,59;58,59;16,38;9,99;9,83;0,52;0,79;3057;16,20;25,70;41,20;54,20
06.08.2024;21,10;5,77;3,20;65,90;1,04;0,72;0,11;1207;0,66;58,92;16,07;9,88;9,74;0,58;0,89;2979;16,40;26,30;40,30;53,40
07.08.2024;20,93;5,68;3,17;66,15;1,05;0,69;0,09;1201;0,59;62,13;13,16;9,69;9,65;0,54;0,83;2989;16,10;27,60;41,20;54,40
08.08.2024;21,08;5,82;3,23;66,01;0,95;0,72;0,09;1222;0,55;59,84;15,31;9,96;9,83;0,56;0,86;3044;16,80;26,80;40,20;54,00
09.08.2024;21,00;5,80;3,20;66,15;0,90;0,68;0,13;1202;0,59;61,18;14,08;9,96;9,74;0,58;0,88;3050;15,90;26,60;41,30;54,90
10.08.2024;20,84;5,74;3,20;66,31;0,96;0,63;0,10;1170;0,62;63,16;12,13;9,80;9,74;0,51;0,78;3057;15,80;25,60;42,70;56,10
11.08.2024;20,96;5,62;3,23;66,46;0,97;0,58;0,05;1156;0,62;63,59;12,15;9,43;9,83;0,43;0,66;2989;16,10;26,50;42,50;56,10
12.08.2024;20,97;5,70;3,30;66,12;1,08;0,60;0,12;1165;0,58;61,34;13,87;9,53;10,04;0,51;0,78;2970;16,00;25,10;40,70;54,50
13.08.2024;20,80;5,52;3,21;66,56;1,11;0,60;0,12;1148;0,66;65,35;10,36;9,20;9,77;0,51;0,78;3014;16,80;27,10;45,60;58,30
14.08.2024;20,91;5,76;3,21;66,31;1,01;0,57;0,08;1193;0,62;62,33;12,95;9,84;9,77;0,46;0,69;2990;16,00;25,40;42,40;55,20
15.08.2024;20,72;5,76;3,27;66,28;1,07;0,59;0,17;1181;0,59;63,52;11,51;9,74;9,95;0,56;0,85;3009;16,90;26,80;44,30;56,10
16.08.2024;20,92;5,63;3,26;66,06;1,17;0,61;0,20;1183;0,59;61,71;13,45;9,41;9,92;0,60;0,91;3048;18,50;27,80;44,20;58,20
17.08.2024;20,72;5,59;3,24;66,28;1,33;0,62;0,10;1175;0,62;63,84;11,27;9,34;9,86;0,51;0,77;3016;16,40;26,40;41,90;55,80
18.08.2024;20,97;5,59;3,23;66,28;1,06;0,63;0,12;1207;0,59;62,85;12,73;9,35;9,83;0,53;0,81;3084;17,90;27,80;41,80;55,20
19.08.2024;21,05;5,71;3,23;66,03;1,12;0,67;0,10;1207;0,51;60,57;14,68;9,67;9,83;0,54;0,82;3033;16,70;26,20;42,10;57,10
20.08.2024;20,88;5,60;3,25;66,56;0,91;0,56;0,11;1178;0,62;64,88;10,94;9,35;9,89;0,48;0,73;3074;17,40;27,20;43,30;59,00
21.08.2024;20,88;5,60;3,20;66,51;1,05;0,57;0,12;1174;0,62;64,35;11,34;9,43;9,74;0,50;0,75;3063;16,90;26,30;43,00;56,10
22.08.2024;20,89;5,86;3,30;65,98;1,08;0,60;0,14;1216;0,59;60,26;14,45;9,95;10,04;0,53;0,81;3014;16,50;25,10;42,10;58,40
23.08.2024;21,00;5,72;3,34;66,02;1,02;0,63;0,06;1200;0,55;60,81;14,36;9,51;10,16;0,47;0,72;2980;15,60;25,00;39,90;55,50
24.08.2024;20,95;5,67;3,29;66,15;1,02;0,63;0,09;1177;0,59;61,96;13,35;9,47;10,01;0,50;0,77;2965;15,50;23,20;38,80;55,30
25.08.2024;21,10;5,56;3,38;65,99;1,02;0,64;0,12;1178;0,51;61,11;14,42;9,02;10,29;0,54;0,82;2993;16,10;25,40;38,40;54,30
26.08.2024;21,08;5,53;3,54;65,95;1,00;0,62;0,09;1188;0,66;60,51;14,81;8,67;10,77;0,50;0,76;3039;16,80;25,30;40,00;55,90
27.08.2024;21,03;5,57;3,38;66,05;1,00;0,65;0,12;1180;0,58;61,59;13,86;9,05;10,29;0,55;0,83;3016;16,80;25,90;40,10;55,70
28.08.2024;20,92;5,79;3,38;66,10;0,99;0,67;0,04;1182;0,59;61,14;13,88;9,63;10,29;0,48;0,73;3068;17,10;26,60;43,50;57,80
29.08.2024;20,93;5,75;3,34;66,20;1,03;0,65;0,10;1184;0,62;61,56;13,59;9,59;10,16;0,53;0,80;3012;16,50;26,30;43,70;55,90
30.08.2024;20,87;5,82;3,33;65,72;1,29;0,64;0,10;1190;0,59;58,98;15,36;9,80;10,13;0,52;0,79;2956;15,70;22,90;37,50;53,50
31.08.2024;20,84;5,68;3,35;65,68;1,55;0,62;0,14;1191;0,69;58,81;15,40;9,39;10,19;0,55;0,83;3010;16,10;25,20;40,70;55,00
01.09.2024;20,78;5,72;3,33;66,25;1,06;0,62;0,10;1190;0,59;63,15;11,96;9,53;10,13;0,51;0,77;2980;17,30;26,30;43,20;56,20
02.09.2024;20,79;5,62;3,38;66,18;1,11;0,63;0,10;1168;0,62;63,13;12,01;9,18;10,29;0,51;0,78;3080;17,80;27,10;44,80;55,80
03.09.2024;20,82;5,62;3,31;66,25;1,12;0,63;0,07;1174;0,55;63,54;11,78;9,30;10,07;0,48;0,74;3066;17,10;26,60;41,90;54,90
04.09.2024;20,81;5,64;3,37;66,25;1,01;0,63;0,10;1160;0,66;63,26;11,96;9,25;10,25;0,51;0,78;3100;17,80;27,20;43,40;55,30
05.09.2024;20,57;5,64;3,36;66,33;1,19;0,64;0,10;1162;0,73;64,63;10,24;9,27;10,22;0,52;0,79;3048;17,20;26,40;42,80;55,00
06.09.2024;21,12;5,74;3,42;65,90;0,91;0,60;0,10;1150;0,59;59,31;15,83;9,43;10,41;0,49;0,75;3090;16,20;25,00;39,20;53,80
07.09.2024;20,92;5,76;3,40;66,15;0,90;0,62;0,10;1201;0,59;61,77;13,40;9,52;10,35;0,51;0,77;3057;16,60;25,70;41,00;54,40
08.09.2024;20,93;5,88;3,36;66,07;0,93;0,59;0,10;1180;0,62;60,41;14,46;9,90;10,22;0,49;0,74;3018;15,40;24,50;39,70;52,60
09.09.2024;21,17;5,70;3,31;66,06;0,91;0,60;0,10;1219;0,57;60,09;15,39;9,51;10,07;0,49;0,75;3083;15,00;24,90;39,60;54,20
10.09.2024;20,96;5,81;3,25;66,23;0,88;0,61;0,10;1233;0,55;61,89;13,43;9,90;9,89;0,50;0,76;3080;15,00;24,10;39,00;53,40
11.09.2024;21,08;5,82;3,26;66,08;0,90;0,64;0,10;1238;0,51;60,39;14,90;9,91;9,92;0,52;0,79;3020;14,50;24,20;39,00;53,50
12.09.2024;21,34;5,84;3,26;65,82;0,87;0,64;0,10;1220;0,47;57,47;17,85;9,97;9,92;0,52;0,79;2950;13,90;23,00;38,00;53,50
13.09.2024;21,30;5,76;3,30;65,75;1,05;0,63;0,09;1175;0,55;57,13;17,99;9,69;10,04;0,50;0,77;2969;15,00;24,30;38,90;55,20
14.09.2024;20,97;5,71;3,51;65,86;0,99;0,68;0,15;1185;0,59;60,13;14,78;9,20;10,68;0,60;0,91;2992;15,60;24,90;38,10;52,30
15.09.2024;21,06;5,73;3,41;66,12;0,86;0,64;0,07;1205;0,59;60,88;14,47;9,42;10,38;0,49;0,75;3052;15,30;24,40;39,20;52,10
16.09.2024;20,99;5,80;3,35;65,98;1,04;0,65;0,09;1185;0,52;60,23;14,76;9,71;10,19;0,52;0,79;2980;15,40;24,70;39,40;53,40
17.09.2024;21,09;5,83;3,26;66,11;0,96;0,61;0,07;1164;0,62;59,75;15,41;9,94;9,92;0,47;0,72;2990;15,10;24,10;37,90;53,30
18.09.2024;20,97;5,80;3,25;66,24;0,99;0,60;0,10;1168;0,61;61,36;13,85;9,88;9,89;0,49;0,75;2965;15,10;23,00;36,80;51,80
19.09.2024;21,27;5,81;3,15;65,97;1,00;0,61;0,08;1207;0,54;58,32;17,01;10,07;9,59;0,48;0,73;3040;15,20;24,50;38,90;56,30
20.09.2024;21,13;5,75;3,18;66,09;1,04;0,62;0,11;1174;0,55;60,07;15,28;9,86;9,68;0,52;0,79;2970;15,90;24,70;40,10;54,60
21.09.2024;20,93;5,69;3,21;66,30;1,10;0,62;0,10;1181;0,59;62,48;12,90;9,65;9,77;0,51;0,77;3069;17,80;26,20;43,10;59,40
22.09.2024;20,86;5,61;3,30;66,37;1,08;0,59;0,07;1176;0,73;63,19;12,16;9,29;10,04;0,46;0,70;3071;17,50;26,80;43,00;55,80
23.09.2024;20,87;5,85;3,40;66,04;0,99;0,62;0,10;1183;0,55;61,00;13,84;9,76;10,35;0,51;0,77;3085;16,00;24,90;41,20;53,70
24.09.2024;20,89;5,77;3,24;66,17;1,05;0,63;0,11;1193;0,47;62,30;12,92;9,81;9,86;0,52;0,80;3010;16,00;25,70;41,20;56,10
25.09.2024;21,13;5,79;3,24;65,98;1,00;0,64;0,07;1205;0,59;59,23;15,92;9,87;9,86;0,49;0,75;3048;15,40;24,40;41,40;55,10
26.09.2024;21,15;5,71;3,21;66,10;1,00;0,63;0,09;1190;0,58;60,18;15,26;9,71;9,77;0,50;0,77;3014;14,70;24,10;39,80;52,70
27.09.2024;20,89;5,82;3,21;66,26;1,03;0,63;0,12;1180;0,62;61,82;13,28;10,00;9,77;0,53;0,81;3028;16,30;26,30;42,90;51,30
28.09.2024;20,97;5,86;3,24;66,04;1,02;0,64;0,08;1183;0,59;60,16;14,76;10,05;9,86;0,50;0,76;3012;15,20;24,20;37,50;51,70
29.09.2024;20,96;5,76;3,22;66,07;1,08;0,67;0,07;1187;0,55;61,05;14,06;9,82;9,80;0,51;0,78;3000;;26,80;40,70;54,90
30.09.2024;20,85;5,60;3,30;66,13;1,21;0,67;0,08;1171;0,55;62,72;12,49;9,26;10,04;0,52;0,79;2980;15,70;24,50;37,00;52,50
01.10.2024;20,78;5,61;3,30;66,28;1,18;0,63;0,08;1162;0,70;63,27;11,87;9,29;10,04;0,49;0,75;3001;16,70;26,40;42,80;54,40
02.10.2024;20,79;5,66;3,40;66,04;1,23;0,60;0,07;1216;0,51;62,37;12,58;9,25;10,35;0,46;0,71;3007;15,90;25,20;41,80;55,80
03.10.2024;20,82;5,60;3,55;65,93;1,20;0,67;0,08;1183;0,59;61,64;13,22;8,84;10,80;0,52;0,79;2997;16,50;25,00;39,30;54,80
04.10.2024;20,82;5,60;3,65;65,75;1,24;0,70;0,10;1186;0,58;60,69;13,93;8,67;11,11;0,56;0,85;3052;16,40;24,30;38,80;52,50
05.10.2024;20,95;5,54;3,58;66,03;1,12;0,65;0,05;1168;0,55;61,81;13,46;8,63;10,89;0,48;0,73;3045;16,80;25,10;38,80;54,90
06.10.2024;20,88;5,58;3,68;65,85;1,12;0,65;0,07;1187;0,51;61,36;13,60;8,57;11,20;0,50;0,76;3065;16,10;24,80;38,40;52,50
07.10.2024;20,98;5,63;3,63;65,77;1,15;0,65;0,09;1193;0,55;59,76;15,09;8,78;11,05;0,52;0,79;2994;16,50;24,00;36,50;52,80
08.10.2024;20,95;5,54;3,68;65,80;1,18;0,68;0,08;1158;0,55;60,56;14,40;8,46;11,20;0,53;0,80;3035;16,90;25,50;37,60;56,10
09.10.2024;20,60;5,26;3,77;66,48;1,12;0,61;0,10;1161;0,62;67,63;8,07;7,57;11,47;0,50;0,76;3081;16,60;27,10;42,30;55,50
10.10.2024;20,83;5,51;3,90;65,95;1,09;0,65;0,08;1196;0,58;62,10;12,89;8,01;11,87;0,51;0,77;3070;16,00;25,20;38,80;54,90
11.10.2024;20,94;5,70;3,67;65,84;1,13;0,62;0,09;1165;0,59;59,72;15,01;8,90;11,17;0,50;0,76;2980;16,60;24,80;38,80;54,00
12.10.2024;21,12;5,75;3,55;65,59;1,21;0,62;0,09;1185;0,48;57,39;17,28;9,24;10,80;0,50;0,76;2985;16,50;24,80;37,80;55,00
13.10.2024;21,12;5,63;3,41;65,74;1,25;0,63;0,09;1171;0,51;58,77;16,24;9,16;10,38;0,50;0,77;2986;16,60;24,80;37,80;54,40
14.10.2024;21,08;5,63;3,40;65,82;1,26;0,63;0,10;1170;0,58;59,10;15,88;9,17;10,35;0,51;0,78;2990;16,70;24,70;39,10;54,60
15.10.2024;21,05;5,66;3,35;65,86;1,27;0,64;0,10;1186;0,47;59,78;15,28;9,34;10,19;0,52;0,79;3033;16,90;25,00;39,60;54,70
16.10.2024;20,87;5,64;3,38;66,11;1,20;0,66;0,10;1180;0,59;61,97;13,11;9,23;10,29;0,53;0,81;3065;16,10;23,90;37,70;53,80
17.10.2024;21,13;5,72;3,56;65,65;1,13;0,65;0,10;1171;0,61;57,44;17,27;9,14;10,83;0,53;0,80;3075;16,00;23,50;34,70;51,60
18.10.2024;21,24;5,77;3,48;65,59;1,04;0,66;0,10;1170;0,51;56,80;18,07;9,41;10,59;0,53;0,81;3033;15,40;24,10;36,50;51,90
19.10.2024;20,89;5,61;3,29;66,22;1,19;0,65;0,10;1162;0,55;62,78;12,55;9,31;10,01;0,53;0,80;3012;17,30;25,60;40,20;53,60
20.10.2024;21,13;5,65;3,26;66,06;1,09;0,66;0,09;1180;0,55;60,37;15,06;9,46;9,92;0,52;0,80;3054;17,50;25,50;38,00;53,00
21.10.2024;21,17;5,70;3,32;65,92;1,03;0,66;0,09;1187;0,59;59,08;16,15;9,49;10,10;0,52;0,80;2998;16,30;24,30;35,80;46,90
22.10.2024;21,19;5,52;3,33;65,87;1,08;0,69;0,18;1149;0,51;60,10;15,43;9,00;10,13;0,63;0,96;3011;16,30;24,40;39,00;52,00
23.10.2024;20,90;5,54;3,59;66,00;1,14;0,68;0,08;1128;0,55;62,00;13,18;8,61;10,92;0,53;0,80;3024;17,40;25,40;38,80;53,30
24.10.2024;20,67;5,65;3,45;66,17;1,16;0,70;0,09;1158;0,55;63,84;11,13;9,14;10,50;0,55;0,84;3064;16,60;26,30;40,40;51,30
25.10.2024;20,82;5,70;3,45;65,92;1,21;0,69;0,10;1150;0,52;61,33;13,45;9,27;10,50;0,55;0,84;2995;15,70;24,60;38,80;50,90
26.10.2024;20,95;5,62;3,39;65,91;1,31;0,67;0,09;1144;0,58;60,39;14,53;9,16;10,32;0,53;0,81;3005;16,30;24,30;38,60;52,40
27.10.2024;20,78;5,76;3,46;65,93;1,26;0,65;0,09;1162;0,58;60,87;13,68;9,42;10,53;0,52;0,79;2976;15,80;24,70;37,20;52,70
28.10.2024;20,91;5,77;3,36;65,92;1,21;0,64;0,10;1168;0,59;60,02;14,70;9,61;10,22;0,52;0,79;2964;16,00;23,90;38,10;53,30
29.10.2024;20,95;5,74;3,44;65,82;1,21;0,65;0,09;1158;0,51;59,72;15,04;9,40;10,47;0,52;0,79;3004;15,90;24,60;39,30;53,90
30.10.2024;20,92;5,65;3,37;65,91;1,30;0,67;0,08;1160;0,44;61,04;13,95;9,28;10,25;0,52;0,79;3050;15,90;23,90;38,00;52,80
31.10.2024;20,90;5,68;3,45;65,90;1,25;0,65;0,09;1136;0,59;60,37;14,40;9,22;10,50;0,52;0,79;3020;16,40;24,40;37,50;51,10
01.11.2024;21,01;5,65;3,45;66,00;1,13;0,62;0,09;1162;0,51;60,81;14,38;9,14;10,50;0,50;0,76;3070;16,00;24,70;40,10;52,50
02.11.2024;20,94;5,57;3,49;65,92;1,26;0,65;0,10;1181;0,57;60,88;14,13;8,86;10,62;0,53;0,80;3069;15,60;24,50;37,70;53,80
03.11.2024;21,15;5,46;3,48;66,03;1,05;0,65;0,09;1155;0,62;60,88;14,73;8,59;10,59;0,52;0,79;3080;16,60;25,70;38,80;53,20
04.11.2024;20,78;5,58;3,49;66,35;1,02;0,64;0,09;1163;0,79;63,57;11,64;8,89;10,62;0,51;0,78;3080;17,10;26,50;39,90;53,20
05.11.2024;20,76;5,64;3,32;66,62;0,87;0,64;0,09;1165;0,66;65,62;10,04;9,34;10,10;0,51;0,78;3044;15,70;25,60;39,50;52,70
06.11.2024;21,30;5,74;3,33;65,85;1,02;0,60;0,10;1168;0,48;58,00;17,34;9,58;10,13;0,49;0,75;3008;14,60;23,90;39,20;55,00
07.11.2024;21,27;5,73;3,30;65,76;1,09;0,65;0,07;1189;0,52;57,61;17,54;9,61;10,04;0,50;0,76;3071;15,00;24,30;37,90;53,20
08.11.2024;21,07;5,83;3,26;66,10;0,91;0,62;0,12;1156;0,55;60,29;14,95;9,94;9,92;0,53;0,80;3060;16,20;24,80;38,80;53,90
09.11.2024;21,15;5,80;3,25;66,19;0,84;0,61;0,05;1146;0,48;60,75;14,83;9,88;9,89;0,45;0,69;3065;15,40;23,50;37,90;52,10
10.11.2024;20,99;5,75;3,30;66,20;0,92;0,65;0,08;1162;0,59;61,59;13,74;9,66;10,04;0,51;0,77;3052;16,50;24,40;37,70;51,10
11.11.2024;21,02;5,71;3,30;66,26;0,86;0,64;0,06;1143;0,51;62,38;13,23;9,55;10,04;0,48;0,73;3062;15,90;25,30;38,50;53,20
12.11.2024;20,94;5,80;3,28;66,24;0,88;0,65;0,10;1158;0,57;62,02;13,27;9,83;9,98;0,53;0,80;3029;15,70;24,40;37,20;52,50
13.11.2024;20,97;5,86;3,24;66,17;0,90;0,67;0,11;1166;0,59;61,03;14,11;10,05;9,86;0,55;0,84;3060;14,70;25,20;39,90;52,70
14.11.2024;20,98;5,77;3,24;66,30;0,89;0,66;0,08;1187;0,62;61,99;13,41;9,81;9,86;0,51;0,78;3070;15,40;24,60;39,70;52,80
15.11.2024;21,09;5,78;3,22;66,22;0,87;0,65;0,10;1188;0,62;60,85;14,59;9,88;9,80;0,53;0,80;3085;15,80;24,70;39,00;54,30
16.11.2024;21,14;5,88;3,23;66,15;0,83;0,64;0,09;1193;0,51;60,06;15,32;10,12;9,83;0,51;0,78;3060;14,10;23,50;39,30;53,20
17.11.2024;21,21;5,71;3,15;66,26;0,84;0,65;0,07;1201;0,59;60,88;14,91;9,81;9,59;0,50;0,76;3083;15,10;24,40;40,70;56,60
18.11.2024;20,93;5,72;3,28;66,27;0,88;0,67;0,10;1171;0,59;62,68;12,75;9,61;9,98;0,54;0,82;3082;15,80;25,70;41,80;55,50
19.11.2024;21,05;5,55;3,26;66,42;0,87;0,67;0,07;1209;0,48;64,02;12,08;9,20;9,92;0,51;0,78;3087;14,90;25,10;42,50;57,30
20.11.2024;21,26;5,64;3,21;66,04;0,93;0,73;0,07;1205;0,51;60,06;15,67;9,52;9,77;0,55;0,84;3040;14,40;23,90;37,80;52,10
21.11.2024;20,99;5,68;3,25;66,16;0,99;0,75;0,10;1206;0,59;61,77;13,60;9,56;9,89;0,59;0,90;2964;14,30;23,60;38,50;51,80
22.11.2024;20,83;5,42;3,37;66,63;0,90;0,67;0,10;1174;0,62;66,61;9,49;8,67;10,25;0,54;0,82;2952;15,30;25,20;41,00;54,20
23.11.2024;21,03;5,79;3,37;65,84;1,07;0,69;0,08;1203;0,55;59,19;15,66;9,65;10,25;0,53;0,81;2986;14,20;23,80;38,80;54,70
24.11.2024;21,16;5,76;3,29;65,88;1,00;0,69;0,06;1203;0,47;59,21;16,02;9,70;10,01;0,51;0,78;3037;14,10;23,30;39,00;52,00
25.11.2024;21,10;5,63;3,28;65,92;1,06;0,70;0,09;1177;0,51;60,38;14,97;9,38;9,98;0,55;0,84;2970;14,10;22,90;37,00;50,30
26.11.2024;21,02;5,57;3,23;66,09;1,10;0,71;0,09;1176;0,51;62,04;13,48;9,30;9,83;0,56;0,85;2982;15,10;24,00;38,00;51,50
27.11.2024;20,99;5,53;3,25;66,11;1,12;0,71;0,08;1169;0,55;62,37;13,15;9,16;9,89;0,55;0,83;3015;15,50;24,40;40,20;54,00
28.11.2024;20,86;5,41;3,44;66,40;1,01;0,62;0,10;1174;0,62;65,10;10,72;8,52;10,47;0,51;0,77;2999;14,40;24,00;38,80;52,00
29.11.2024;21,09;5,60;3,37;66,06;0,95;0,68;0,07;1183;0,59;61,09;14,41;9,14;10,25;0,52;0,79;3045;16,00;24,70;39,10;52,10
30.11.2024;20,97;5,87;3,37;65,86;0,96;0,72;0,14;1202;0,59;59,34;15,38;9,86;10,25;0,61;0,93;2960;14,30;22,40;36,30;50,50
01.12.2024;21,12;5,63;3,24;66,17;0,95;0,70;0,10;1219;0,52;61,58;14,12;9,44;9,86;0,56;0,85;3035;15,00;24,50;38,30;47,00
02.12.2024;21,08;5,71;3,23;66,21;0,94;0,69;0,06;1214;0,51;61,59;14,00;9,67;9,83;0,51;0,78;3085;15,20;24,10;40,20;54,10
03.12.2024;21,13;5,63;3,17;66,39;0,89;0,70;0,06;1221;0,59;62,38;13,54;9,56;9,65;0,52;0,79;3064;16,20;25,60;39,90;53,50
04.12.2024;20,85;5,81;3,25;66,35;0,91;0,68;0,08;1199;0,59;62,97;12,30;9,90;9,89;0,53;0,80;2987;15,10;24,20;38,40;53,70
05.12.2024;20,94;5,80;3,23;66,13;0,94;0,71;0,09;1220;0,51;61,72;13,50;9,91;9,83;0,56;0,85;3005;15,20;24,10;38,40;52,60
06.12.2024;21,08;5,67;3,29;66,18;0,90;0,67;0,09;1203;0,55;61,60;13,99;9,47;10,01;0,53;0,81;3045;14,20;23,70;38,00;52,40
07.12.2024;21,10;5,82;3,28;65,82;0,99;0,72;0,09;1220;0,47;59,06;15,96;9,88;9,98;0,56;0,86;3002;15,30;24,10;38,20;53,00
08.12.2024;21,31;5,70;3,29;65,62;1,02;0,72;0,10;1212;0,47;57,35;17,85;9,54;10,01;0,57;0,87;3013;14,20;22,10;35,20;51,80
09.12.2024;21,01;5,67;3,30;66,01;1,01;0,70;0,05;1175;0,87;59,81;15,14;9,45;10,04;0,51;0,78;3008;15,00;24,00;38,10;52,90
10.12.2024;21,05;5,63;3,33;65,99;1,05;0,70;0,07;1193;0,55;60,84;14,48;9,29;10,13;0,53;0,81;2980;14,70;24,20;39,20;51,80
11.12.2024;21,09;5,65;3,40;66,03;1,02;0,66;0,05;1188;0,55;60,55;14,81;9,23;10,35;0,48;0,74;3017;14,40;23,40;36,60;52,30
12.12.2024;20,95;5,60;3,43;66,26;0,96;0,62;0,09;1184;0,51;63,18;12,43;9,04;10,44;0,50;0,76;3039;15,00;25,40;39,80;52,10
13.12.2024;21,16;5,63;3,34;66,05;0,99;0,62;0,10;1179;0,59;60,24;15,24;9,27;10,16;0,51;0,77;2970;14,70;23,30;38,10;51,70
14.12.2024;21,00;5,86;3,26;65,88;1,06;0,66;0,12;1210;0,51;59,46;15,37;10,02;9,92;0,55;0,84;3078;14,60;23,50;38,50;54,50
15.12.2024;21,24;5,79;3,25;65,86;1,02;0,65;0,08;1186;0,56;57,95;17,20;9,85;9,89;0,51;0,77;3051;14,50;23,00;37,50;53,60
16.12.2024;21,25;5,85;3,11;65,84;1,08;0,64;0,10;1198;0,58;57,34;17,69;10,25;9,46;0,52;0,79;3007;16,90;23,70;39,60;56,10
17.12.2024;21,00;5,58;3,00;66,33;1,20;0,66;0,06;1172;0,55;62,98;12,72;9,72;9,13;0,49;0,75;3008;15,50;24,50;40,40;55,10
18.12.2024;21,17;5,65;3,13;65,96;1,17;0,66;0,10;1136;0,55;59,61;15,75;9,68;9,52;0,53;0,81;2990;15,00;23,80;38,10;52,60
19.12.2024;20,89;5,57;3,25;66,38;1,10;0,61;0,09;1175;0,66;63,57;11,96;9,27;9,89;0,49;0,75;3090;15,80;24,90;42,70;54,70
20.12.2024;20,88;5,65;3,32;66,27;1,05;0,61;0,10;1176;0,62;62,87;12,46;9,36;10,10;0,50;0,76;3093;16,90;26,10;42,00;56,40
21.12.2024;21,16;5,53;3,29;66,14;1,10;0,57;0,07;1178;0,66;60,75;14,86;9,09;10,01;0,45;0,68;3078;15,20;23,70;39,70;55,50
22.12.2024;20,98;5,63;3,23;66,39;1,03;0,55;0,08;1185;0,51;63,36;12,37;9,46;9,83;0,44;0,67;3059;15,20;24,70;41,60;56,10
23.12.2024;20,90;5,51;3,30;66,46;1,07;0,57;0,11;1166;0,70;64,07;11,61;9,02;10,04;0,49;0,74;3068;16,30;25,70;43,90;56,00
24.12.2024;21,03;5,49;3,39;66,36;0,98;0,55;0,12;1218;0,62;63,27;12,59;8,82;10,32;0,48;0,73;3058;14,30;23,90;40,30;53,10
25.12.2024;21,07;5,49;3,59;66,43;0,84;0,55;0,06;1199;0,70;63,03;12,88;8,48;10,92;0,42;0,64;3068;13,50;24,40;40,20;54,00
26.12.2024;21,16;5,74;3,43;66,06;0,90;0,58;0,08;1213;0,59;59,67;15,67;9,41;10,44;0,46;0,70;3026;14,10;22,60;37,00;54,80
27.12.2024;21,09;5,75;3,29;66,09;0,94;0,62;0,12;1203;0,48;60,79;14,63;9,68;10,01;0,53;0,80;3021;14,20;23,40;37,90;53,40
28.12.2024;21,04;5,68;3,23;66,20;1,12;0,65;0,07;1219;0,60;61,17;14,20;9,59;9,83;0,50;0,76;3027;14,20;23,10;37,70;52,40
29.12.2024;21,14;5,76;3,24;66,11;0,98;0,65;0,08;1220;0,51;60,26;15,17;9,79;9,86;0,51;0,77;3029;14,20;23,20;40,20;53,90
30.12.2024;20,93;5,66;3,19;66,32;1,09;0,68;0,09;1217;0,73;62,25;13,07;9,61;9,71;0,54;0,82;3036;14,70;23,10;38,20;52,60
31.12.2024;21,51;5,67;3,24;65,85;0,96;0,66;0,09;1221;0,47;57,21;18,53;9,55;9,86;0,52;0,80;2950;13,00;21,20;34,30;51,60
01.01.2025;21,35;5,71;3,25;66,01;0,87;0,63;0,11;1235;0,52;58,85;16,84;9,64;9,89;0,52;0,80;2981;14,10;23,50;37,90;52,10
02.01.2025;21,34;5,72;3,28;65,94;0,88;0,65;0,10;1222;0,47;58,71;16,92;9,61;9,98;0,53;0,80;3009;13,70;23,10;37,00;51,70
03.01.2025;21,15;5,65;3,23;66,36;0,82;0,64;0,05;1192;0,59;62,09;13,82;9,51;9,83;0,47;0,72;3088;15,40;24,80;41,00;53,50
04.01.2025;20,98;5,52;3,11;66,55;0,93;0,68;0,11;1173;0,70;64,44;11,57;9,37;9,46;0,56;0,85;3086;15,50;25,40;40,00;52,50
05.01.2025;20,80;5,74;3,29;66,42;0,86;0,69;0,09;1225;0,62;64,06;11,33;9,65;10,01;0,54;0,83;3090;16,00;25,50;39,70;51,20
06.01.2025;20,99;5,74;3,23;66,20;0,94;0,71;0,08;1207;0,66;61,42;13,87;9,75;9,83;0,55;0,83;3043;15,70;24,70;38,20;50,50
07.01.2025;21,36;5,61;3,28;66,11;0,82;0,64;0,10;1204;0,55;59,83;16,13;9,32;9,98;0,52;0,79;3045;13,90;23,30;38,30;52,00
08.01.2025;20,98;5,54;3,18;66,58;0,88;0,63;0,10;1217;0,69;64,51;11,51;9,31;9,68;0,51;0,78;3013;14,00;23,90;39,80;52,80
09.01.2025;21,35;5,55;3,11;66,11;0,93;0,66;0,12;1177;0,52;60,36;15,70;9,45;9,46;0,55;0,84;2966;14,50;23,00;37,10;49,70
10.01.2025;21,42;5,51;3,02;66,26;0,97;0,65;0,08;1154;0,55;60,60;15,72;9,50;9,19;0,51;0,77;3060;15,00;24,70;39,80;51,70
11.01.2025;20,92;5,40;2,99;66,86;1,00;0,65;0,09;1134;0,59;67,38;9,17;9,26;9,10;0,52;0,79;3076;15,80;26,80;41,70;54,70
12.01.2025;20,88;5,33;2,90;67,12;0,97;0,62;0,09;1146;0,62;69,30;7,61;9,22;8,82;0,50;0,76;3076;16,50;26,30;42,30;53,40
13.01.2025;21,05;5,36;2,88;66,96;0,99;0,61;0,09;1129;0,70;66,81;9,98;9,34;8,76;0,49;0,75;3058;16,80;27,00;43,90;54,70
14.01.2025;21,12;5,55;3,09;66,49;0,99;0,64;0,09;1181;0,81;62,34;13,55;9,49;9,40;0,51;0,78;3060;16,10;24,70;39,40;51,60
15.01.2025;21,45;5,53;3,00;66,21;0,96;0,67;0,09;1179;0,51;60,26;16,06;9,58;9,13;0,53;0,81;3062;14,10;23,30;38,10;51,20
16.01.2025;21,49;5,61;2,99;66,09;0,92;0,67;0,09;1192;0,51;59,06;17,08;9,81;9,10;0,53;0,81;3089;15,50;24,90;40,00;53,20
17.01.2025;21,34;5,56;3,05;66,10;0,98;0,68;0,09;1195;0,59;59,99;15,95;9,58;9,28;0,54;0,82;3095;14,90;23,70;39,70;53,40
18.01.2025;21,53;5,60;2,96;65,85;1,06;0,69;0,13;1197;0,52;57,44;18,41;9,84;9,01;0,58;0,89;3060;15,20;24,60;40,30;54,00
19.01.2025;21,25;5,47;3,38;66,06;0,98;0,62;0,09;1177;0,50;61,01;14,92;8,78;10,29;0,50;0,76;3089;15,30;24,20;38,50;51,00
20.01.2025;21,16;5,25;3,28;66,34;1,16;0,63;0,09;1178;0,59;63,58;12,73;8,37;9,98;0,50;0,77;3025;14,60;23,20;38,70;50,80
21.01.2025;21,49;5,41;3,17;66,22;1,00;0,60;0,08;1160;0,50;60,48;16,01;8,98;9,65;0,47;0,72;3085;15,00;23,40;37,90;52,00
22.01.2025;21,64;5,40;3,23;65,87;1,02;0,55;0,13;1173;0,50;57,84;18,43;8,85;9,83;0,49;0,75;3041;14,20;23,80;39,60;53,20
23.01.2025;21,22;4,79;3,39;67,03;0,95;0,52;0,08;1158;0,59;69,46;8,46;6,96;10,32;0,42;0,64;3038;13,20;23,90;39,30;53,30
24.01.2025;21,14;5,59;3,50;65,95;0,98;0,56;0,08;1226;0,55;60,22;15,20;8,90;10,65;0,45;0,68;3015;14,90;24,50;39,90;54,90
25.01.2025;21,44;5,50;3,34;65,78;1,03;0,60;0,08;1187;0,52;58,06;17,69;8,93;10,16;0,47;0,72;3009;14,70;23,60;39,40;54,30
26.01.2025;21,13;5,48;3,30;66,28;0,98;0,58;0,08;1205;0,60;62,46;13,49;8,95;10,04;0,46;0,70;3018;14,00;23,30;39,20;55,20
27.01.2025;21,42;5,52;3,38;65,73;0,99;0,62;0,09;1203;0,56;57,77;17,86;8,92;10,29;0,50;0,76;2996;13,90;23,40;40,30;55,50
28.01.2025;21,47;5,54;3,19;65,84;1,00;0,60;0,08;1166;0,50;58,19;17,68;9,29;9,71;0,47;0,72;3095;15,70;25,60;42,50;57,50
29.01.2025;21,48;5,56;3,39;65,73;0,93;0,59;0,09;1193;0,47;57,56;18,18;9,00;10,32;0,48;0,73;3023;14,60;24,00;38,90;55,20
30.01.2025;21,29;5,51;3,27;66,08;1,02;0,59;0,02;1175;0,51;60,52;15,41;9,08;9,95;0,41;0,62;3054;16,00;24,80;39,80;53,90
31.01.2025;20,97;5,36;3,32;66,35;1,07;0,60;0,07;1183;0,51;64,85;11,23;8,59;10,10;0,46;0,71;3020;15,80;24,10;40,00;54,50
01.02.2025;21,21;5,41;3,36;66,00;1,08;0,62;0,08;1220;0,55;61,01;14,81;8,66;10,22;0,49;0,74;2990;14,50;23,00;38,00;54,10
02.02.2025;21,01;5,46;3,42;66,14;1,02;0,62;0,07;1219;0,59;62,69;12,97;8,69;10,41;0,48;0,73;3026;14,70;24,60;40,20;54,10
03.02.2025;21,19;5,41;3,38;65,99;1,05;0,65;0,08;1230;0,59;61,02;14,74;8,62;10,29;0,51;0,77;2970;13,60;23,10;39,90;53,10
04.02.2025;21,26;5,30;3,42;66,01;1,03;0,64;0,08;1236;0,51;61,63;14,48;8,27;10,41;0,50;0,76;3090;14,90;24,20;39,30;54,80
05.02.2025;21,07;5,50;3,44;66,12;0,98;0,63;0,08;1235;0,51;62,29;13,44;8,76;10,47;0,49;0,75;3046;14,60;24,40;40,20;53,90
06.02.2025;21,24;5,56;3,42;65,94;0,99;0,62;0,07;1245;0,48;59,99;15,66;8,95;10,41;0,48;0,73;3072;14,60;23,70;38,80;54,00
07.02.2025;21,20;5,53;3,35;66,06;1,00;0,61;0,08;1249;0,51;60,93;14,84;8,99;10,19;0,48;0,73;3033;15,00;23,70;40,30;54,50
08.02.2025;21,18;5,42;3,27;66,24;1,02;0,62;0,07;1222;0,55;62,45;13,64;8,84;9,95;0,48;0,73;3056;15,10;23,50;39,50;52,20
09.02.2025;21,22;5,52;3,31;66,06;1,01;0,60;0,08;1229;0,59;60,55;15,18;9,03;10,07;0,47;0,72;3001;14,10;23,40;41,00;52,70
10.02.2025;21,32;5,56;3,37;65,72;1,06;0,62;0,08;1186;0,59;57,91;17,46;9,04;10,25;0,49;0,74;2957;14,30;22,50;38,90;53,60
11.02.2025;;;;;;;;;;;;;;;;;;;;
12.02.2025;;;;;;;;;;;;;;;;;;;;
13.02.2025;;;;;;;;;;;;;;;;;;;;
14.02.2025;;;;;;;;;;;;;;;;;;;;
15.02.2025;21,24;5,57;3,30;66,46;1,14;0,61;0,08;1238;0,64;61,13;14,80;9,18;10,04;0,48;0,73;3007;14,10;23,30;39,20;51,70
16.02.2025;21,20;5,42;3,55;66,59;1,14;0,55;0,08;1195;0,62;62,70;13,51;8,36;10,80;0,44;0,67;3001;14,20;22,90;38,50;52,60
17.02.2025;21,05;5,42;3,62;66,87;1,00;0,48;0,08;1217;0,62;65,28;11,13;8,25;11,02;0,40;0,60;3056;15,30;24,10;39,90;53,40
18.02.2025;21,10;5,61;3,59;66,40;1,05;0,55;0,17;1228;0,59;61,73;13,95;8,80;10,92;0,53;0,81;3072;13,90;22,40;38,90;52,20
19.02.2025;21,27;5,65;3,41;66,45;1,03;0,57;0,08;1228;0,51;61,01;14,98;9,21;10,38;0,46;0,69;3000;13,80;23,30;39,00;55,00
20.02.2025;21,40;5,59;3,43;66,30;1,06;0,61;0,08;1221;0,55;59,54;16,46;9,02;10,44;0,48;0,73;2975;13,40;21,70;36,30;52,20
21.02.2025;21,49;5,62;3,42;66,23;1,07;0,63;0,08;1245;0,55;58,35;17,61;9,11;10,41;0,49;0,75;2990;14,10;22,70;35,60;54,00
22.02.2025;21,22;5,63;3,37;66,70;0,99;0,59;0,08;1225;0,59;62,39;13,80;9,22;10,25;0,47;0,71;3051;14,60;24,20;40,20;54,20
23.02.2025;21,26;5,52;3,25;66,77;1,06;0,63;0,08;1234;0,58;63,15;13,32;9,14;9,89;0,49;0,75;3073;16,00;25,20;40,00;53,70
24.02.2025;21,06;5,66;3,25;66,74;1,09;0,66;0,07;1251;0,62;63,33;12,63;9,51;9,89;0,50;0,77;3009;15,80;24,90;39,20;52,30
25.02.2025;21,17;5,59;3,21;66,74;1,07;0,65;0,08;1244;0,59;63,20;13,04;9,39;9,77;0,51;0,77;3037;15,30;25,10;40,70;53,30
26.02.2025;21,42;5,60;3,43;66,69;0,79;0,55;0,08;1235;0,62;61,39;15,12;9,04;10,44;0,44;0,67;3069;15,40;24,50;39,00;52,90
27.02.2025;21,20;5,68;3,40;66,46;1,05;0,65;0,07;1244;0,51;61,34;14,53;9,31;10,35;0,50;0,76;3002;14,90;23,10;37,60;51,20
28.02.2025;21,21;5,65;3,39;66,34;1,16;0,68;0,08;1233;0,55;60,51;15,18;9,24;10,32;0,53;0,80;2990;15,40;24,20;38,10;51,80
01.03.2025;21,28;5,70;3,43;66,34;1,03;0,60;0,08;1236;0,51;60,12;15,68;9,31;10,44;0,47;0,72;3048;14,00;23,20;36,80;51,80
02.03.2025;21,27;5,69;3,43;66,38;1,08;0,61;0,08;1236;0,59;59,95;15,78;9,28;10,44;0,48;0,73;2980;13,60;22,10;38,30;54,70
03.03.2025;21,20;5,74;3,49;66,50;1,00;0,58;0,08;1255;0,54;60,99;14,79;9,31;10,62;0,46;0,70;3046;14,10;23,00;38,90;52,70
04.03.2025;21,57;5,95;3,28;66,00;1,06;0,62;0,08;1229;0,58;54,70;20,60;10,22;9,98;0,49;0,74;3061;15,40;23,90;39,00;52,70
05.03.2025;21,08;5,70;3,39;66,50;1,06;0,62;0,09;1228;0,52;62,22;13,52;9,38;10,32;0,50;0,76;3090;14,20;23,80;38,70;51,70
06.03.2025;21,32;5,59;3,36;66,33;1,11;0,64;0,09;1206;0,55;60,23;15,71;9,14;10,22;0,51;0,78;3070;14,10;22,50;36,50;51,00
07.03.2025;21,38;5,49;3,30;66,45;1,09;0,64;0,08;1250;0,48;61,36;15,03;8,97;10,04;0,50;0,76;3025;14,60;23,80;41,10;54,00
08.03.2025;21,33;5,56;3,34;66,41;1,08;0,64;0,09;1248;0,55;60,79;15,32;9,09;10,16;0,51;0,78;3038;14,30;23,20;38,40;53,80
09.03.2025;21,08;5,53;3,33;66,54;1,20;0,63;0,09;1249;0,62;62,81;13,08;9,03;10,13;0,50;0,77;2970;15,40;24,70;40,70;53,70
10.03.2025;21,17;5,60;3,41;66,55;1,09;0,64;0,09;1247;0,57;62,10;13,87;9,08;10,38;0,51;0,78;3014;15,50;25,10;41,00;55,40
11.03.2025;21,22;5,49;3,57;66,56;1,02;0,61;0,09;1218;0,57;62,47;13,74;8,52;10,86;0,49;0,75;3054;15,10;24,40;37,80;51,30
12.03.2025;21,07;5,55;3,62;66,64;0,98;0,60;0,08;1216;0,63;63,33;12,66;8,59;11,02;0,47;0,72;3098;15,40;25,60;40,80;53,70
13.03.2025;21,17;5,63;3,51;66,62;0,91;0,60;0,08;1231;0,63;62,31;13,71;8,99;10,68;0,47;0,72;3052;14,40;24,40;38,20;53,60
14.03.2025;21,48;5,56;3,36;66,69;0,83;0,56;0,08;1253;0,54;61,52;15,20;9,06;10,22;0,45;0,68;3096;14,30;23,60;39,10;55,10
15.03.2025;21,37;5,66;3,40;66,65;0,86;0,59;0,08;1243;0,53;61,41;14,96;9,25;10,35;0,47;0,71;3045;13,90;22,90;38,50;55,90
16.03.2025;21,38;5,60;3,35;66,65;0,89;0,60;0,08;1262;0,53;61,73;14,75;9,18;10,19;0,47;0,72;3026;14,20;24,40;39,40;54,90
17.03.2025;21,39;5,61;3,40;66,45;0,91;0,66;0,08;1248;0,53;60,64;15,60;9,12;10,35;0,51;0,78;3011;13,40;22,40;37,00;52,00
18.03.2025;21,35;5,54;3,27;66,65;0,95;0,66;0,08;1235;0,57;62,14;14,36;9,15;9,95;0,51;0,78;3018;14,00;23,10;37,60;52,30
19.03.2025;21,40;5,66;3,35;66,36;0,92;0,67;0,08;1252;0,60;59,62;16,40;9,34;10,19;0,52;0,79;3001;13,20;21,80;35,70;51,20
20.03.2025;21,40;5,63;3,30;66,35;0,92;0,70;0,09;1217;0,57;59,98;16,13;9,34;10,04;0,55;0,84;3099;14,20;24,90;39,40;53,10
21.03.2025;21,20;5,58;3,30;66,55;0,97;0,70;0,09;1217;0,57;62,50;13,65;9,21;10,04;0,55;0,84;3050;15,20;24,90;39,60;52,90
22.03.2025;21,15;5,64;3,35;66,58;0,91;0,68;0,08;1246;0,53;62,87;13,24;9,28;10,19;0,53;0,80;3053;14,40;24,20;39,80;53,50
23.03.2025;21,08;5,66;3,30;66,53;1,00;0,68;0,08;1247;0,53;62,87;13,03;9,42;10,04;0,53;0,80;3089;15,00;25,30;40,50;53,40
24.03.2025;20,95;5,78;3,25;66,58;1,07;0,64;0,09;1228;0,57;62,97;12,59;9,82;9,89;0,51;0,78;2950;15,10;24,90;39,20;53,30
25.03.2025;20,98;5,95;3,20;66,44;1,03;0,62;0,09;1243;0,53;61,38;13,87;10,36;9,74;0,50;0,76;3099;15,00;25,40;41,40;53,50
26.03.2025;20,96;5,96;3,15;66,50;1,01;0,60;0,09;1247;0,53;61,83;13,47;10,47;9,59;0,48;0,74;3000;14,80;24,40;40,50;54,40
27.03.2025;20,99;5,83;3,07;66,71;1,06;0,61;0,08;1242;0,57;63,14;12,57;10,26;9,34;0,48;0,73;2996;14,50;23,70;38,60;54,20
28.03.2025;21,25;5,71;3,10;66,45;1,07;0,61;0,08;1237;0,57;60,84;15,05;9,89;9,43;0,48;0,73;3065;15,40;25,10;40,80;55,50
29.03.2025;21,19;5,76;3,14;66,40;1,12;0,64;0,08;1238;0,53;60,72;14,97;9,96;9,56;0,50;0,76;2964;13,50;22,30;38,50;53,90
30.03.2025;21,20;5,61;3,08;66,76;1,06;0,61;0,08;1218;0,63;62,97;13,30;9,66;9,37;0,48;0,73;2970;14,70;23,70;39,80;53,50
31.03.2025;21,19;5,67;3,11;66,67;1,10;0,63;0,08;1229;0,57;62,36;13,73;9,77;9,46;0,49;0,75;2985;14,60;23,60;40,80;53,90
01.04.2025;21,24;5,72;3,08;66,71;1,05;0,60;0,08;1233;0,50;62,28;13,93;9,95;9,37;0,47;0,72;2965;14,00;23,10;38,20;53,00
02.04.2025;21,25;5,84;3,11;66,61;1,03;0,58;0,07;1230;0,57;60,72;15,14;10,22;9,46;0,45;0,69;3020;14,10;22,90;38,60;55,50
03.04.2025;21,14;5,75;3,13;66,73;1,06;0,60;0,07;1239;0,57;62,54;13,46;9,95;9,52;0,46;0,71;3036;13,40;22,90;38,80;52,30
04.04.2025;21,10;5,60;3,13;66,83;1,12;0,62;0,08;1207;0,60;63,96;12,27;9,55;9,52;0,49;0,74;3059;15,10;21,70;39,70;53,60
05.04.2025;21,11;5,75;3,22;66,65;1,04;0,60;0,08;1233;0,53;62,53;13,37;9,80;9,80;0,47;0,72;3023;15,20;23,80;39,10;52,30
06.04.2025;21,19;5,62;3,29;66,56;1,07;0,64;0,08;1230;0,60;61,96;14,03;9,33;10,01;0,50;0,76;2969;14,40;23,60;36,60;51,50
07.04.2025;21,50;5,62;3,28;66,35;1,01;0,61;0,08;1254;0,49;59,38;16,87;9,35;9,98;0,48;0,73;2989;14,20;23,10;35,60;50,90
08.04.2025;21,28;5,62;3,24;66,62;1,02;0,62;0,08;1225;0,50;62,14;14,16;9,42;9,86;0,49;0,74;3046;15,90;26,00;41,20;54,70
09.04.2025;21,29;5,61;3,23;66,67;1,00;0,62;0,08;1215;0,50;62,41;13,98;9,41;9,83;0,49;0,74;3085;15,80;24,50;39,50;54,10
10.04.2025;21,29;5,37;3,29;66,91;0,97;0,60;0,08;1222;0,57;64,71;12,25;8,67;10,01;0,47;0,72;3033;15,60;25,30;40,50;54,70
11.04.2025;21,28;5,46;3,41;66,73;0,94;0,61;0,08;1182;0,57;63,36;13,23;8,71;10,38;0,48;0,73;3110;17,20;27,90;39,70;54,20
12.04.2025;21,23;5,63;3,39;66,88;0,77;0,59;0,08;1222;0,63;63,48;13,00;9,19;10,32;0,47;0,71;3000;14,40;23,70;38,30;51,60
13.04.2025;21,18;5,71;3,40;66,87;0,76;0,58;0,08;1186;0,63;63,30;13,00;9,39;10,35;0,46;0,70;3025;13,70;23,40;38,40;50,30
14.04.2025;21,46;5,68;3,18;66,62;0,90;0,64;0,08;1148;0,50;60,80;15,69;9,68;9,68;0,50;0,76;2993;12,20;19,60;27,40;42,20
15.04.2025;;;;;;;;;;;;;;;;;;;;
16.04.2025;;;;;;;;;;;;;;;;;;;;
17.04.2025;;;;;;;;;;;;;;;;;;;;
18.04.2025;;;;;;;;;;;;;;;;;;;;
19.04.2025;;;;;;;;;;;;;;;;;;;;
20.04.2025;;;;;;;;;;;;;;;;;;;;
21.04.2025;;;;;;;;;;;;;;;;;;;;
22.04.2025;;;;;;;;;;;;;;;;;;;;
23.04.2025;;;;;;;;;;;;;;;;;;;;
24.04.2025;;;;;;;;;;;;;;;;;;;;
25.04.2025;;;;;;;;;;;;;;;;;;;;
26.04.2025;;;;;;;;;;;;;;;;;;;;
27.04.2025;;;;;;;;;;;;;;;;;;;;
28.04.2025;;;;;;;;;;;;;;;;;;;;
29.04.2025;;;;;;;;;;;;;;;;;;;;
30.04.2025;;;;;;;;;;;;;;;;;;;;
01.05.2025;;;;;;;;;;;;;;;;;;;;
02.05.2025;;;;;;;;;;;;;;;;;;;;
03.05.2025;;;;;;;;;;;;;;;;;;;;
04.05.2025;;;;;;;;;;;;;;;;;;;;
05.05.2025;;;;;;;;;;;;;;;;;;;;
06.05.2025;;;;;;;;;;;;;;;;;;;;
07.05.2025;;;;;;;;;;;;;;;;;;;;
08.05.2025;;;;;;;;;;;;;;;;;;;;
09.05.2025;;;;;;;;;;;;;;;;;;;;
10.05.2025;;;;;;;;;;;;;;;;;;;;
11.05.2025;;;;;;;;;;;;;;;;;;;;
12.05.2025;;;;;;;;;;;;;;;;;;;;
13.05.2025;;;;;;;;;;;;;;;;;;;;
14.05.2025;;;;;;;;;;;;;;;;;;;;
15.05.2025;;;;;;;;;;;;;;;;;;;;
16.05.2025;;;;;;;;;;;;;;;;;;;;
17.05.2025;;;;;;;;;;;;;;;;;;;;
18.05.2025;;;;;;;;;;;;;;;;;;;;
19.05.2025;;;;;;;;;;;;;;;;;;;;
20.05.2025;;;;;;;;;;;;;;;;;;;;
21.05.2025;;;;;;;;;;;;;;;;;;;;
22.05.2025;;;;;;;;;;;;;;;;;;;;
23.05.2025;;;;;;;;;;;;;;;;;;;;
24.05.2025;;;;;;;;;;;;;;;;;;;;
25.05.2025;;;;;;;;;;;;;;;;;;;;
26.05.2025;;;;;;;;;;;;;;;;;;;;
27.05.2025;;;;;;;;;;;;;;;;;;;;
28.05.2025;21,10;5,79;3,39;66,80;0,80;0,57;0,10;1183;0,63;62,98;13,01;9,61;10,32;0,48;0,72;3087;14,60;24,60;37,80;53,90
29.05.2025;21,37;5,81;3,34;66,42;0,82;0,65;0,09;1168;0,53;59,67;16,28;9,75;10,16;0,52;0,79;2951;14,10;22,90;34,30;52,10
30.05.2025;21,46;5,74;3,25;66,49;0,82;0,64;0,10;1166;0,56;59,75;16,48;9,72;9,89;0,52;0,79;3004;14,90;23,40;35,80;47,70
31.05.2025;21,43;5,75;3,37;66,38;0,83;0,64;0,10;1208;0,55;59,30;16,73;9,54;10,25;0,52;0,79;2990;14,90;25,20;36,70;52,20
01.06.2025;21,06;5,74;3,32;66,73;0,90;0,60;0,10;1163;0,68;62,95;12,92;9,60;10,10;0,49;0,75;3042;15,10;24,90;36,90;51,70
02.06.2025;21,09;5,74;3,29;66,71;0,89;0,62;0,09;1188;0,67;62,75;13,15;9,65;10,01;0,50;0,76;3005;15,30;24,50;37,90;52,60
03.06.2025;21,08;5,80;3,38;66,39;0,95;0,61;0,10;1181;0,63;60,98;14,45;9,66;10,29;0,50;0,76;3067;16,00;25,30;40,90;55,80
04.06.2025;21,07;5,72;3,21;66,63;0,94;0,64;0,09;1170;0,60;62,97;12,93;9,73;9,77;0,51;0,78;3024;16,00;25,40;40,00;53,10
05.06.2025;21,18;5,90;3,33;66,06;1,02;0,64;0,10;1200;0,45;58,81;16,38;10,01;10,13;0,52;0,79;2985;14,00;22,60;35,50;50,80
06.06.2025;21,18;5,82;3,20;66,41;0,96;0,59;0,08;1202;0,53;60,81;14,87;10,02;9,74;0,47;0,71;3069;16,30;24,50;39,10;54,20
07.06.2025;21,23;5,90;3,23;66,55;0,80;0,58;0,08;1214;0,53;60,87;14,97;10,18;9,83;0,46;0,70;3071;14,90;25,30;38,00;53,10
08.06.2025;21,12;5,88;3,24;66,75;0,76;0,57;0,08;1212;0,63;62,35;13,54;10,11;9,86;0,46;0,69;3085;15,20;26,00;40,60;55,80
09.06.2025;21,24;5,78;3,32;66,46;0,91;0,63;0,08;1205;0,60;60,51;15,27;9,71;10,10;0,49;0,75;3081;15,30;25,80;39,70;55,30
10.06.2025;21,25;5,77;3,18;66,52;1,00;0,61;0,09;1218;0,53;60,97;14,95;9,92;9,68;0,49;0,75;3065;14,70;24,20;39,40;55,30
11.06.2025;21,15;5,85;3,25;66,52;0,97;0,63;0,09;1218;0,57;61,02;14,63;10,01;9,89;0,50;0,77;3032;14,30;23,60;38,20;53,50
12.06.2025;21,23;5,85;3,18;66,68;0,87;0,60;0,08;1141;0,70;60,92;14,93;10,13;9,68;0,47;0,72;2994;14,20;22,60;36,00;51,90
13.06.2025;21,04;5,85;3,25;66,93;0,79;0,61;0,08;1138;0,57;64,04;12,04;10,01;9,89;0,48;0,73;2991;14,50;23,70;36,00;50,60
14.06.2025;21,22;5,94;3,26;66,68;0,78;0,58;0,08;1171;0,50;61,35;14,58;10,23;9,92;0,46;0,70;2956;14,00;22,50;34,30;49,80
15.06.2025;21,33;5,88;3,26;66,43;0,91;0,61;0,08;1169;0,57;59,24;16,49;10,07;9,92;0,48;0,73;3056;14,30;25,00;37,70;54,10
16.06.2025;21,41;5,86;3,22;66,44;0,83;0,62;0,08;1160;0,55;59,17;16,77;10,09;9,80;0,49;0,74;3006;14,20;24,20;36,40;53,10
17.06.2025;21,46;5,88;3,21;66,40;0,86;0,61;0,08;1167;0,53;58,51;17,41;10,16;9,77;0,48;0,73;2983;12,90;22,00;32,60;48,50
18.06.2025;21,30;5,85;3,21;66,35;0,94;0,63;0,08;1170;0,53;59,49;16,21;10,08;9,77;0,49;0,75;2981;13,90;22,60;34,70;49,90
19.06.2025;21,07;5,72;3,17;66,58;1,02;0,63;0,08;1158;0,57;62,72;13,12;9,80;9,65;0,49;0,75;2965;15,40;24,00;36,90;51,90
20.06.2025;21,06;5,81;3,22;66,51;0,98;0,61;0,09;1155;0,57;61,95;13,67;9,95;9,80;0,49;0,75;3067;15,60;25,00;37,70;54,30
21.06.2025;21,08;5,65;3,35;66,99;0,79;0,53;0,09;1178;0,67;64,77;11,60;9,31;10,19;0,44;0,67;3082;15,90;24,90;38,80;53,20
22.06.2025;21,30;5,77;3,44;66,81;0,68;0,48;0,09;1181;0,59;62,07;14,27;9,48;10,47;0,41;0,62;3014;14,10;22,60;35,30;51,50
23.06.2025;21,45;5,86;3,48;66,30;0,87;0,52;0,08;1188;0,45;58,22;17,60;9,65;10,59;0,42;0,64;2991;12,90;22,20;34,70;51,60
24.06.2025;21,25;5,85;3,53;66,57;0,76;0,49;0,09;1184;0,50;60,95;14,97;9,54;10,74;0,41;0,63;2980;13,30;21,80;33,20;51,70
25.06.2025;21,42;5,86;3,33;66,47;0,92;0,47;0,07;1209;0,56;58,76;17,10;9,90;10,13;0,38;0,58;3069;14,10;23,20;36,70;54,10
26.06.2025;21,36;5,57;3,51;66,86;0,72;0,48;0,07;1160;0,53;63,19;13,59;8,83;10,68;0,39;0,59;3048;14,40;23,90;38,90;54,70
27.06.2025;21,55;5,48;3,51;66,73;0,69;0,50;0,08;1166;0,59;61,66;15,29;8,59;10,68;0,41;0,62;3094;14,80;24,70;39,10;56,00
28.06.2025;21,65;5,69;3,51;66,19;0,77;0,58;0,09;1200;0,56;57,19;18,95;9,15;10,68;0,47;0,72;2979;13,10;22,00;35,50;51,40
29.06.2025;21,62;5,61;3,32;66,27;0,86;0,60;0,09;1170;0,53;58,42;17,94;9,26;10,10;0,48;0,74;2967;13,80;22,10;35,70;53,40
30.06.2025;21,77;5,64;3,28;66,07;0,86;0,62;0,08;1152;0,47;56,56;19,77;9,40;9,98;0,49;0,74;3031;14,10;22,60;35,10;51,90
01.07.2025;21,53;5,36;3,29;66,70;0,86;0,58;0,07;1140;0,53;62,58;14,54;8,64;10,01;0,45;0,69;3076;15,70;25,60;39,30;55,50
02.07.2025;21,42;5,31;3,39;66,95;0,87;0,52;0,07;1148;0,64;64,15;13,05;8,34;10,32;0,41;0,63;3110;15,50;25,20;40,00;52,60
03.07.2025;21,46;5,36;3,56;66,78;0,79;0,50;0,08;1167;0,53;63,25;13,84;8,19;10,83;0,41;0,62;3066;13,80;23,80;37,50;
04.07.2025;21,48;5,30;3,45;66,62;0,98;0,55;0,08;1134;0,60;62,18;14,70;8,21;10,50;0,44;0,67;3067;15,70;25,00;39,40;
05.07.2025;;;;;;;;;;;;;;;;;;;;
06.07.2025;;;;;;;;;;;;;;;;;;;;
07.07.2025;21,33;5,46;3,35;66,55;1,19;0,53;0,08;1259;0,40;62,32;14,17;8,81;10,19;0,43;0,65;3007;14,10;23,00;39,60;
08.07.2025;21,30;5,22;3,54;66,98;0,90;0,51;0,07;1168;0,63;65,53;11,66;7,85;10,77;0,41;0,62;3140;14,50;24,40;39,30;
09.07.2025;21,45;5,43;3,48;66,67;0,89;0,51;0,09;1139;0,62;61,87;14,85;8,51;10,59;0,43;0,65;3012;13,80;22,90;38,30;
10.07.2025;21,09;5,72;3,42;66,54;0,93;0,59;0,09;1156;0,57;62,30;13,49;9,38;10,41;0,48;0,73;2986;14,90;22,90;36,00;
11.07.2025;21,24;5,44;3,35;66,93;0,86;0,54;0,08;1143;0,80;63,99;12,64;8,75;10,19;0,44;0,66;3044;16,00;24,80;38,30;
12.07.2025;21,57;5,68;3,59;66,19;0,84;0,49;0,09;1180;0,70;56,98;18,88;8,98;10,92;0,41;0,63;2986;12,30;21,20;34,40;
13.07.2025;21,59;5,52;3,47;66,45;0,90;0,50;0,09;1189;0,70;58,96;17,44;8,76;10,56;0,42;0,64;3002;12,90;21,20;34,80;
14.07.2025;21,38;5,53;3,58;66,58;0,93;0,48;0,08;1169;0,60;61,19;15,16;8,60;10,89;0,40;0,60;2957;12,50;21,30;34,80;
15.07.2025;21,56;5,73;3,47;66,21;0,91;0,54;0,09;1198;0,60;57,18;18,70;9,32;10,56;0,45;0,68;3015;13,60;21,90;37,00;
16.07.2025;21,50;5,68;3,41;66,30;0,95;0,58;0,08;1205;0,50;58,72;17,37;9,29;10,38;0,46;0,70;3011;13,70;22,90;37,10;
17.07.2025;21,50;5,60;3,54;66,63;0,78;0,49;0,07;1175;0,60;60,49;16,03;8,86;10,77;0,39;0,60;3009;12,90;21,90;35,10;
18.07.2025;21,14;5,51;3,50;67,14;0,83;0,45;0,08;1185;0,68;65,50;11,22;8,69;10,65;0,38;0,57;3118;15,80;25,30;42,10;
19.07.2025;;;;;;;;;;;;;;;;;;;;
20.07.2025;;;;;;;;;;;;;;;;;;;;
21.07.2025;;;;;;;;;;;;;;;;;;;;
22.07.2025;21,50;5,49;3,61;66,52;0,89;0,51;0,09;1175;0,50;60,78;15,82;8,45;10,99;0,43;0,65;3052;13,40;23,00;38,30;
23.07.2025;21,61;5,35;3,68;66,61;0,81;0,47;0,08;1174;0,60;60,97;15,99;7,96;11,20;0,39;0,59;3006;13,10;22,10;37,00;
24.07.2025;21,49;5,39;3,70;66,81;0,73;0,47;0,07;1133;0,70;62,22;14,70;8,03;11,26;0,38;0,58;3035;13,70;22,50;;
25.07.2025;21,49;5,75;3,68;66,23;0,78;0,55;0,08;1178;0,65;57,53;18,24;9,02;11,20;0,44;0,67;3029;13,80;22,40;;
26.07.2025;21,58;5,77;3,52;66,11;0,84;0,58;0,08;1177;0,53;56,77;19,07;9,34;10,71;0,46;0,70;3040;14,00;22,30;;
27.07.2025;21,44;5,74;3,41;66,31;0,92;0,59;0,08;1158;0,60;58,49;17,37;9,45;10,38;0,47;0,71;2989;13,80;22,70;;
28.07.2025;21,38;5,75;3,32;66,41;0,92;0,60;0,08;1163;0,50;59,82;16,19;9,63;10,10;0,47;0,72;3006;15,30;24,30;;
29.07.2025;21,24;5,74;3,27;66,62;0,91;0,57;0,09;1165;0,40;62,32;13,91;9,68;9,95;0,47;0,71;3086;14,90;;;
30.07.2025;21,34;5,67;3,29;66,51;0,95;0,62;0,08;1139;0,40;61,44;14,86;9,47;10,01;0,49;0,74;3075;;;;
31.07.2025;21,00;5,57;3,41;66,87;0,91;0,55;0,09;1125;0,60;65,29;10,98;9,00;10,38;0,45;0,69;;;;;
01.08.2025;21,17;5,64;3,34;66,70;0,87;0,63;0,09;1143;0,63;62,92;13,25;9,30;10,16;0,50;0,77;3084;15,90;25,50;40,20;
02.08.2025;21,31;5,69;3,44;66,37;0,94;0,58;0,09;1128;0,40;60,77;15,27;9,26;10,47;0,47;0,72;2990;14,40;24,00;37,90;
03.08.2025;21,40;5,66;3,41;66,34;0,94;0,58;0,09;1174;0,50;59,80;16,26;9,24;10,38;0,47;0,72;3080;15,10;24,90;37,30;
04.08.2025;;;;;;;;;;;;;;;;;;;;
05.08.2025;;;;;;;;;;;;;;;;;;;;
06.08.2025;21,29;5,67;3,38;66,08;1,30;0,60;0,09;1175;0,40;58,94;16,60;9,31;10,29;0,48;0,74;3210;19,00;28,70;43,30;
07.08.2025;21,50;5,54;3,46;66,66;0,84;0,50;0,08;1172;0,40;61,77;15,06;8,83;10,53;0,41;0,62;3092;13,20;23,90;38,70;
08.08.2025;21,37;5,43;3,55;66,85;0,85;0,48;0,09;1163;0,60;63,30;13,54;8,39;10,80;0,41;0,62;3079;13,50;24,30;40,40;
09.08.2025;21,37;5,78;3,61;66,40;0,81;0,54;0,08;1198;0,60;59,15;16,67;9,22;10,99;0,44;0,66;3006;12,90;22,90;37,70;
10.08.2025;21,55;5,76;3,52;66,18;0,80;0,62;0,08;1183;0,50;57,58;18,37;9,32;10,71;0,49;0,74;3038;13,30;22,60;35,20;
11.08.2025;21,41;5,75;3,44;66,47;0,78;0,60;0,08;1175;0,60;59,66;16,40;9,42;10,47;0,47;0,72;3060;14,30;24,20;38,60;
12.08.2025;21,54;5,82;3,33;66,40;0,78;0,56;0,08;1197;0,60;58,07;17,97;9,80;10,13;0,45;0,68;3054;14,90;24,30;39,10;
13.08.2025;20,93;5,83;3,30;67,03;0,86;0,53;0,09;1169;0,90;63,80;11,90;9,87;10,04;0,44;0,67;3062;15,30;25,10;40,30;
14.08.2025;20,67;5,46;3,14;67,81;0,94;0,56;0,09;1145;0,50;73,07;4,17;9,16;9,56;0,46;0,70;3092;15,90;26,80;44,10;
15.08.2025;21,49;5,89;3,45;66,21;0,91;0,55;0,09;1183;0,40;57,48;18,27;9,78;10,50;0,45;0,69;2985;12,80;22,10;36,00;
16.08.2025;21,23;5,81;3,45;66,53;0,93;0,55;0,09;1205;0,60;60,43;15,31;9,57;10,50;0,45;0,69;3038;14,80;23,90;38,40;
17.08.2025;21,10;5,85;3,55;66,44;0,93;0,56;0,09;1185;0,40;61,45;14,16;9,50;10,80;0,46;0,70;3010;14,20;23,80;38,10;
18.08.2025;21,01;5,71;3,44;66,68;0,93;0,59;0,08;1159;0,70;62,99;12,74;9,32;10,47;0,47;0,71;3026;14,60;24,60;38,50;
19.08.2025;21,00;5,78;3,47;66,79;0,78;0,55;0,08;1100;2,00;58,13;16,37;9,45;10,56;0,44;0,67;3080;14,40;22,70;33,00;
20.08.2025;20,93;5,83;3,54;66,79;0,80;0,53;0,09;1167;1,30;61,02;14,00;9,47;10,77;0,44;0,67;2993;15,80;25,50;38,90;
21.08.2025;21,05;5,86;3,51;66,63;0,82;0,53;0,08;1150;1,00;60,46;14,76;9,60;10,68;0,43;0,65;3018;14,90;23,60;36,00;
22.08.2025;20,97;5,67;3,49;66,79;0,88;0,55;0,08;1160;0,80;63,67;12,11;9,13;10,62;0,44;0,67;3030;16,90;26,20;41,20;
23.08.2025;20,78;5,89;3,58;66,55;0,92;0,59;0,09;1150;1,10;61,20;13,43;9,56;10,89;0,48;0,73;2994;16,20;24,90;36,20;
24.08.2025;20,98;5,73;3,46;66,63;0,93;0,62;0,08;1193;0,80;62,44;13,07;9,34;10,53;0,49;0,74;3022;14,20;24,40;39,30;
25.08.2025;20,92;5,68;3,44;66,69;1,01;0,61;0,08;1224;0,60;64,09;11,65;9,24;10,47;0,48;0,73;3040;17,00;26,30;38,60;
26.08.2025;20,92;5,66;3,43;66,79;0,94;0,64;0,08;1192;0,70;64,44;11,39;9,20;10,44;0,50;0,76;3010;16,00;25,50;40,30;
27.08.2025;21,06;5,78;3,50;66,48;0,90;0,63;0,08;1214;0,50;62,14;13,53;9,40;10,65;0,49;0,75;3076;14,10;24,20;39,50;
28.08.2025;21,18;5,70;3,45;66,53;0,88;0,62;0,08;1188;0,60;61,69;14,21;9,27;10,50;0,49;0,74;2949;14,10;23,40;37,70;
29.08.2025;20,96;5,72;3,38;66,73;0,90;0,64;0,08;1158;0,50;64,49;11,47;9,45;10,29;0,50;0,76;2985;15,90;25,40;38,40;
30.08.2025;21,15;5,83;3,39;66,52;0,80;0,63;0,08;1176;0,60;61,32;14,41;9,72;10,32;0,49;0,75;3045;15,40;24,90;37,50;
31.08.2025;21,15;5,80;3,40;66,53;0,83;0,65;0,09;1209;0,50;61,86;13,99;9,62;10,35;0,52;0,79;3068;14,20;23,90;36,50;
01.09.2025;21,37;5,77;3,39;66,46;0,70;0,63;0,08;1208;0,50;60,49;15,66;9,56;10,32;0,49;0,75;2945;13,50;21,70;34,20;
02.09.2025;21,08;5,72;3,36;66,97;0,70;0,62;0,08;1173;0,70;64,34;11,92;9,48;10,22;0,49;0,74;3042;14,40;24,80;40,40;
03.09.2025;21,33;5,68;3,42;66,76;0,68;0,59;0,08;1175;0,50;62,64;13,92;9,27;10,41;0,47;0,71;3001;14,30;23,90;38,40;
04.09.2025;21,52;5,58;3,39;66,69;0,67;0,60;0,08;1165;0,70;60,84;15,83;9,06;10,32;0,47;0,72;2951;12,70;22,20;36,90;
05.09.2025;21,19;5,63;3,42;66,90;0,71;0,58;0,10;1155;0,60;64,12;12,41;9,14;10,41;0,48;0,73;3052;15,70;24,60;38,60;
06.09.2025;21,35;5,64;3,60;66,66;0,61;0,58;0,09;1187;0,60;61,88;14,55;8,86;10,95;0,47;0,72;2995;13,60;23,30;36,30;
07.09.2025;21,33;5,71;3,56;66,69;0,59;0,57;0,08;1183;0,50;62,21;14,25;9,12;10,83;0,46;0,69;3047;14,00;23,50;36,90;
08.09.2025;21,32;5,58;3,47;66,93;0,62;0,55;0,08;1142;0,60;63,77;13,04;8,92;10,56;0,44;0,67;3005;13,70;23,20;36,90;
09.09.2025;21,49;5,86;3,56;66,30;0,61;0,60;0,10;1166;0,50;58,34;17,62;9,51;10,83;0,49;0,75;2960;12,60;21,60;34,00;
10.09.2025;21,51;5,79;3,49;66,48;0,61;0,59;0,09;1161;0,40;59,90;16,51;9,45;10,62;0,48;0,73;3014;12,70;21,20;33,10;
11.09.2025;21,54;5,90;3,51;66,36;0,59;0,58;0,09;1166;0,40;58,47;17,67;9,70;10,68;0,47;0,72;2953;13,30;21,40;34,20;
12.09.2025;21,44;5,83;3,47;66,46;0,65;0,59;0,08;1195;0,60;59,18;16,85;9,59;10,56;0,47;0,71;3074;14,40;24,40;38,20;
13.09.2025;21,46;5,91;3,48;66,46;0,60;0,58;0,09;1200;0,50;59,03;17,02;9,78;10,59;0,47;0,72;2963;12,50;21,20;34,00;
14.09.2025;21,36;5,87;3,47;66,50;0,66;0,60;0,09;1192;0,60;59,65;16,26;9,69;10,56;0,48;0,74;3003;13,10;23,20;37,20;
15.09.2025;21,14;5,76;3,38;66,95;0,66;0,59;0,08;1179;0,80;63,21;12,95;9,55;10,29;0,47;0,71;3020;15,00;24,60;39,60;
16.09.2025;21,10;5,91;3,46;66,71;0,72;0,54;0,09;1256;0,50;62,47;13,39;9,81;10,53;0,45;0,68;3066;15,20;23,90;40,20;
17.09.2025;21,19;5,65;3,56;66,88;0,68;0,55;0,08;1188;0,60;63,79;12,66;8,96;10,83;0,44;0,67;3032;14,90;25,10;38,30;
18.09.2025;21,02;5,70;3,56;67,08;0,60;0,54;0,08;1180;0,80;64,97;11,28;9,09;10,83;0,44;0,66;3083;14,80;24,90;39,20;
19.09.2025;21,27;5,69;3,56;66,75;0,64;0,59;0,09;1189;0,70;62,09;14,17;9,06;10,83;0,48;0,73;3098;15,20;25,50;40,40;
20.09.2025;21,26;5,86;3,53;66,63;0,62;0,58;0,09;1203;0,80;60,22;15,54;9,56;10,74;0,47;0,72;2980;13,70;22,00;37,70;
21.09.2025;21,36;5,81;3,51;66,50;0,69;0,60;0,09;1175;0,60;59,91;16,06;9,46;10,68;0,48;0,74;3060;14,00;23,10;35,20;
22.09.2025;21,38;5,79;3,49;66,62;0,61;0,59;0,05;1182;0,50;61,05;15,27;9,45;10,62;0,44;0,67;3045;13,80;23,10;37,10;
23.09.2025;21,38;5,75;3,43;66,72;0,63;0,58;0,06;1176;0,60;61,35;15,04;9,44;10,44;0,44;0,67;3034;14,60;24,10;39,20;
24.09.2025;21,42;5,77;3,53;66,58;0,60;0,58;0,06;1202;0,50;60,69;15,65;9,32;10,74;0,44;0,67;3043;14,00;23,80;36,50;
25.09.2025;21,32;5,79;3,54;66,60;0,63;0,59;0,05;1195;0,50;61,29;14,91;9,36;10,77;0,44;0,67;3080;14,80;25,20;39,30;
26.09.2025;21,28;5,69;3,45;66,87;0,62;0,56;0,06;1188;0,60;63,12;13,42;9,25;10,50;0,43;0,65;3071;14,90;24,40;37,80;
27.09.2025;21,39;5,82;3,61;66,44;0,64;0,59;0,05;1175;0,40;60,19;15,94;9,32;10,99;0,44;0,67;3061;13,30;23,20;38,00;
28.09.2025;21,27;5,71;3,57;66,66;0,66;0,58;0,06;1179;0,50;62,33;13,99;9,10;10,86;0,44;0,67;3075;13,50;23,30;39,20;
29.09.2025;21,63;5,69;3,48;66,40;0,64;0,60;0,09;1212;0,50;58,85;17,64;9,20;10,59;0,48;0,74;3085;13,20;23,20;37,60;
30.09.2025;21,43;5,77;3,49;66,52;0,65;0,60;0,09;1193;0,50;60,28;15,99;9,39;10,62;0,48;0,74;3050;13,60;23,30;37,30;
01.10.2025;21,50;5,73;3,50;66,48;0,66;0,60;0,09;1210;0,40;60,22;16,23;9,27;10,65;0,48;0,74;3069;13,00;23,00;36,50;
02.10.2025;21,44;5,82;3,51;66,43;0,67;0,59;0,09;1200;0,50;59,42;16,67;9,49;10,68;0,48;0,73;3072;13,80;24,40;38,90;
03.10.2025;21,62;5,73;3,42;66,40;0,68;0,61;0,09;1180;0,50;58,63;17,78;9,40;10,41;0,49;0,75;3059;12,60;22,20;37,10;
04.10.2025;21,66;5,89;3,45;66,28;0,64;0,56;0,09;1206;0,40;57,24;18,94;9,78;10,50;0,46;0,70;2955;11,60;20,60;34,70;
05.10.2025;21,55;5,78;3,42;66,44;0,68;0,59;0,08;1198;0,50;58,99;17,30;9,54;10,41;0,47;0,71;3032;12,70;21,90;35,80;
06.10.2025;21,37;5,69;3,45;66,68;0,71;0,58;0,08;1196;0,60;61,41;14,97;9,25;10,50;0,46;0,70;2997;13,60;24,00;39,20;
07.10.2025;21,24;5,62;3,45;66,79;0,80;0,59;0,08;1166;0,50;63,46;13,04;9,06;10,50;0,47;0,71;3025;14,40;24,30;38,90;
08.10.2025;21,14;5,59;3,54;66,84;0,75;0,57;0,09;1196;0,60;64,23;12,18;8,83;10,77;0,47;0,71;3052;14,10;24,70;39,50;
09.10.2025;21,04;5,69;3,63;66,75;0,77;0,56;0,08;1202;0,80;62,96;12,85;8,94;11,05;0,45;0,68;3051;13,60;24,30;40,10;
10.10.2025;21,05;5,56;3,70;66,99;0,68;0,50;0,08;1189;0,60;65,70;10,81;8,48;11,26;0,41;0,62;3003;14,90;25,20;41,10;
11.10.2025;21,12;5,78;3,72;66,69;0,67;0,53;0,09;1204;0,40;63,28;12,83;9,03;11,32;0,44;0,67;3025;13,30;22,20;36,60;
12.10.2025;21,33;5,80;3,55;66,61;0,65;0,59;0,08;1202;0,50;61,12;15,07;9,37;10,80;0,47;0,71;3005;13,50;23,50;38,10;
13.10.2025;21,31;5,77;3,51;66,59;0,69;0,61;0,08;1233;0,50;61,34;14,85;9,36;10,68;0,48;0,73;2985;14,50;24,70;37,70;
14.10.2025;21,55;5,76;3,49;66,36;0,68;0,61;0,08;1198;0,50;58,70;17,52;9,37;10,62;0,48;0,73;3063;14,30;23,50;37,20;
15.10.2025;21,38;5,66;3,57;66,75;0,65;0,51;0,07;1180;0,60;61,82;14,69;8,97;10,86;0,41;0,62;3053;13,40;23,60;39,00;
16.10.2025;21,40;5,63;3,62;66,74;0,64;0,50;0,07;1165;0,56;61,94;14,65;8,80;11,02;0,40;0,61;3063;13,70;23,70;39,40;
17.10.2025;21,48;5,74;3,50;66,34;0,77;0,61;0,07;1220;0,66;58,36;17,58;9,30;10,65;0,47;0,72;3053;14,90;23,00;38,00;
18.10.2025;21,42;5,77;3,52;66,39;0,73;0,62;0,08;1200;0,66;58,91;17,00;9,34;10,71;0,49;0,74;3043;13,60;23,10;37,40;
19.10.2025;21,30;5,79;3,51;66,54;0,72;0,61;0,09;1195;0,66;60,34;15,57;9,41;10,68;0,49;0,75;3032;13,80;24,00;39,50;
20.10.2025;21,33;5,73;3,48;66,60;0,73;0,61;0,09;1213;0,66;60,77;15,33;9,30;10,59;0,49;0,75;2985;14,60;23,40;35,60;
21.10.2025;21,23;5,78;3,54;66,49;0,83;0,56;0,08;1237;0,66;60,38;15,34;9,33;10,77;0,45;0,68;3120;14,90;25,50;40,10;
22.10.2025;21,38;5,72;3,42;66,61;0,75;0,59;0,08;1210;0,66;60,53;15,66;9,38;10,41;0,47;0,71;3092;13,70;23,70;37,80;
23.10.2025;21,54;5,80;3,44;66,34;0,72;0,59;0,08;1183;0,56;58,14;17,92;9,56;10,47;0,47;0,71;3001;13,70;22,60;36,70;
24.10.2025;21,42;5,70;3,44;66,53;0,74;0,60;0,08;1191;0,66;60,03;16,15;9,29;10,47;0,47;0,72;3038;14,30;;38,80;
25.10.2025;21,30;5,68;3,48;66,74;0,71;0,57;0,08;1203;0,56;62,37;14,04;9,17;10,59;0,46;0,69;3057;14,80;25,10;40,50;
26.10.2025;21,47;5,63;3,47;66,52;0,73;0,60;0,08;1200;0,86;59,25;16,88;9,06;10,56;0,47;0,72;3048;13,30;23,20;36,60;
27.10.2025;21,63;5,66;3,49;66,35;0,70;0,58;0,09;1202;0,96;56,79;19,19;9,10;10,62;0,47;0,72;2993;14,00;23,90;37,90;
28.10.2025;21,58;5,68;3,48;66,36;0,74;0,58;0,08;1181;0,77;57,75;18,32;9,17;10,59;0,46;0,70;3053;12,50;21,70;35,30;
29.10.2025;21,49;5,76;3,51;66,37;0,70;0,59;0,09;1215;0,96;57,24;18,45;9,33;10,68;0,48;0,73;3046;13,70;23,20;37,20;
30.10.2025;21,17;5,74;3,43;66,82;0,69;0,58;0,09;1205;0,88;62,11;13,87;9,41;10,44;0,47;0,72;3086;14,50;25,40;40,40;
31.10.2025;21,06;5,73;3,41;67,06;0,61;0,57;0,10;1265;1,21;62,90;12,95;9,42;10,38;0,48;0,72;3094;14,90;25,30;39,50;
01.11.2025;21,18;5,65;3,45;66,82;0,75;0,60;0,09;1235;0,88;62,43;13,65;9,14;10,50;0,48;0,74;3095;15,60;26,20;40,20;
02.11.2025;21,01;5,64;3,50;66,91;0,75;0,64;0,09;1200;0,77;64,54;11,57;9,03;10,65;0,51;0,78;3063;15,90;25,60;39,60;
03.11.2025;21,11;5,72;3,54;66,68;0,77;0,61;0,09;1218;0,77;62,19;13,63;9,18;10,77;0,49;0,75;3012;14,50;23,20;36,50;
04.11.2025;21,27;5,70;3,52;66,52;0,79;0,63;0,09;1224;0,66;60,88;15,08;9,16;10,71;0,50;0,77;3007;13,50;22,60;36,70;
05.11.2025;21,16;5,67;3,46;66,78;0,80;0,58;0,08;1228;0,77;62,58;13,48;9,18;10,53;0,46;0,70;3082;14,90;24,90;37,80;
06.11.2025;21,07;5,71;3,50;66,78;0,78;0,60;0,09;1153;0,99;62,10;13,58;9,22;10,65;0,48;0,74;3087;14,20;23,10;36,60;
07.11.2025;20,98;5,75;3,55;66,75;0,78;0,58;0,11;1196;1,19;61,51;13,77;9,24;10,80;0,49;0,75;3100;16,70;25,40;37,90;
08.11.2025;21,06;5,63;3,62;66,64;0,77;0,58;0,11;1222;1,10;61,55;13,97;8,80;11,02;0,49;0,75;3067;15,00;24,50;37,60;
09.11.2025;21,02;5,68;3,54;66,79;0,80;0,56;0,10;1193;0,99;62,61;13,06;9,07;10,77;0,47;0,71;3091;15,80;25,10;38,00;
10.11.2025;21,15;5,70;3,54;66,58;0,84;0,60;0,10;1227;0,77;61,41;14,33;9,12;10,77;0,49;0,75;3020;15,00;23,00;36,40;
11.11.2025;21,19;5,68;3,53;66,49;0,90;0,61;0,10;1213;1,19;59,01;16,26;9,09;10,74;0,50;0,76;3074;15,30;25,10;38,00;
12.11.2025;21,27;5,58;3,54;66,59;0,83;0,62;0,11;1227;0,88;60,93;15,04;8,80;10,77;0,52;0,79;3044;14,30;23,60;38,90;
13.11.2025;21,14;5,66;3,55;66,73;0,79;0,56;0,10;1261;0,77;62,50;13,49;9,00;10,80;0,47;0,71;3130;16,50;25,80;38,30;
14.11.2025;;;;;;;;;;;;;;;;;;;;
15.11.2025;;;;;;;;;;;;;;;;;;;;
16.11.2025;;;;;;;;;;;;;;;;;;;;
17.11.2025;;;;;;;;;;;;;;;;;;;;
18.11.2025;21,07;5,61;3,53;66,65;0,99;0,58;0,09;1255;0,77;62,50;13,28;8,90;10,74;0,47;0,72;2970;14,30;24,20;38,60;
19.11.2025;21,04;5,66;3,61;66,64;0,86;0,57;0,10;1200;0,77;62,60;13,12;8,90;10,99;0,48;0,72;3020;16,80;25,80;37,30;
20.11.2025;21,18;5,69;3,61;66,38;0,92;0,58;0,11;1198;0,88;59,66;15,74;8,98;10,99;0,49;0,75;2965;15,10;23,20;36,20;
21.11.2025;21,23;5,63;3,55;66,50;0,86;0,58;0,11;1230;0,99;59,98;15,64;8,92;10,80;0,49;0,75;3007;15,00;24,00;37,10;
22.11.2025;21,32;5,69;3,62;66,36;0,83;0,58;0,10;1219;1,21;57,41;17,83;8,96;11,02;0,48;0,73;3017;14,20;23,40;37,30;
23.11.2025;21,41;5,60;3,54;66,40;0,87;0,61;0,11;1210;0,99;58,39;17,35;8,86;10,77;0,51;0,78;3017;14,80;23,90;35,30;
24.11.2025;21,45;5,60;3,53;66,38;0,86;0,59;0,10;1222;0,77;58,95;17,05;8,87;10,74;0,49;0,74;2995;14,80;24,10;36,20;
25.11.2025;21,51;5,80;3,54;66,19;0,85;0,59;0,09;1238;0,77;56,39;19,15;9,39;10,77;0,48;0,73;3010;14,80;24,60;36,50;
26.11.2025;21,26;5,59;3,50;66,65;0,85;0,61;0,09;1256;0,99;60,73;15,16;8,90;10,65;0,49;0,75;3098;16,30;26,10;39,40;
27.11.2025;21,21;5,64;3,56;66,60;0,86;0,60;0,09;1224;0,66;61,80;14,21;8,93;10,83;0,48;0,74;3093;16,20;25,50;39,30;
28.11.2025;21,33;5,69;3,45;66,43;0,95;0,60;0,09;1288;0,77;59,32;16,43;9,25;10,50;0,48;0,74;3045;15,40;24,90;39,50;
29.11.2025;21,19;5,80;3,53;66,53;0,85;0,58;0,08;1216;0,99;59,32;16,02;9,40;10,74;0,46;0,70;2986;14,70;23,60;37,00;
30.11.2025;21,14;5,88;3,51;66,45;0,88;0,59;0,08;1248;0,88;59,23;15,95;9,65;10,68;0,47;0,71;3018;15,20;23,90;37,30;
01.12.2025;21,31;5,79;3,46;66,42;0,85;0,60;0,09;1221;0,99;58,13;17,27;9,50;10,53;0,48;0,74;3001;14,10;23,80;36,80;
02.12.2025;21,39;5,76;3,46;66,34;0,86;0,61;0,09;1238;0,66;58,71;17,06;9,42;10,53;0,49;0,75;3075;15,70;25,50;39,30;
03.12.2025;21,56;5,68;3,53;66,12;0,87;0,61;0,10;1250;0,55;57,38;18,55;9,09;10,74;0,50;0,76;3017;13,90;22,20;33,90;
04.12.2025;21,12;5,63;3,46;66,74;0,89;0,59;0,09;1220;0,77;62,73;13,25;9,07;10,53;0,48;0,73;3051;15,60;24,10;37,20;
05.12.2025;21,03;5,55;3,42;67,05;0,82;0,57;0,09;1208;1,21;63,68;12,28;8,93;10,41;0,47;0,71;3093;17,00;24,80;38,50;
06.12.2025;21,30;5,68;3,58;66,47;0,79;0,59;0,09;1213;0,77;60,04;15,79;9,00;10,89;0,48;0,73;3003;13,80;23,30;37,20;
07.12.2025;21,00;5,50;3,49;66,73;0,97;0,64;0,09;1228;0,77;64,21;11,79;8,68;10,62;0,51;0,78;3092;16,80;25,60;39,10;
08.12.2025;21,09;5,59;3,54;66,40;1,00;0,67;0,09;1235;0,66;61,87;13,82;8,83;10,77;0,53;0,81;3008;14,70;22,60;37,20;
09.12.2025;21,25;5,71;3,48;66,05;1,04;0,68;0,12;1249;0,77;57,94;17,23;9,25;10,59;0,57;0,86;3018;14,20;22,70;35,50;
10.12.2025;21,12;5,69;3,56;66,15;1,00;0,67;0,10;1240;0,66;59,92;15,37;9,06;10,83;0,54;0,82;3060;14,90;23,10;36,00;
11.12.2025;21,18;5,63;3,58;66,30;0,99;0,67;0,10;1242;0,88;59,58;15,80;8,87;10,89;0,54;0,82;3029;14,40;22,60;36,40;
12.12.2025;21,22;5,63;3,62;66,40;0,90;0,60;0,11;1222;0,55;61,23;14,67;8,80;11,02;0,50;0,77;3018;14,80;23,20;35,80;
13.12.2025;21,26;5,69;3,73;66,21;0,88;0,62;0,11;1263;0,77;58,75;16,65;8,77;11,35;0,52;0,79;3049;15,20;24,50;37,10;
14.12.2025;21,52;5,63;3,57;66,12;0,88;0,62;0,10;1243;0,66;57,49;18,35;8,89;10,86;0,51;0,77;3073;13,90;22,90;35,90;
15.12.2025;21,49;5,66;3,55;66,23;0,84;0,62;0,09;1230;0,55;58,55;17,46;9,00;10,80;0,50;0,76;2995;14,10;23,80;36,00;
16.12.2025;21,19;5,67;3,51;66,61;0,86;0,60;0,09;1208;0,77;61,42;14,44;9,09;10,68;0,48;0,74;3049;14,60;23,50;37,60;
17.12.2025;21,07;5,74;3,61;66,56;0,87;0,61;0,07;1186;0,87;61,08;14,36;9,11;10,99;0,47;0,72;3020;14,50;24,60;38,10;
18.12.2025;21,04;5,76;3,56;66,57;0,89;0,59;0,09;1217;0,78;61,59;13,88;9,25;10,83;0,48;0,73;3015;14,20;23,60;36,40;
19.12.2025;21,31;5,74;3,56;66,26;0,89;0,60;0,10;1199;0,77;58,45;17,02;9,19;10,83;0,49;0,75;3025;14,60;24,00;37,90;
20.12.2025;21,13;5,66;3,65;66,38;0,94;0,67;0,07;1230;0,56;61,43;14,26;8,83;11,11;0,51;0,78;3063;15,40;25,20;39,90;
21.12.2025;21,31;5,66;3,60;66,25;0,98;0,64;0,07;1212;0,55;59,53;16,21;8,92;10,95;0,49;0,75;3069;14,30;24,60;37,80;
22.12.2025;21,17;5,75;3,53;66,43;0,91;0,64;0,08;1227;0,66;60,58;15,02;9,27;10,74;0,50;0,76;3028;15,50;24,60;37,30;
23.12.2025;20,97;5,72;3,53;66,66;0,91;0,61;0,10;1207;0,89;62,30;13,15;9,19;10,74;0,50;0,76;3054;15,80;25,10;41,60;
24.12.2025;20,94;5,83;3,57;66,51;0,92;0,62;0,09;1258;0,98;60,72;14,25;9,42;10,86;0,50;0,76;3096;16,00;26,30;41,70;
25.12.2025;21,08;5,82;3,50;66,51;0,88;0,59;0,09;1228;0,84;60,51;14,81;9,51;10,65;0,48;0,73;3027;15,10;24,20;;
26.12.2025;21,12;5,85;3,46;66,37;0,94;0,63;0,11;1236;0,86;59,24;15,88;9,66;10,53;0,52;0,80;3032;15,70;25,90;;
27.12.2025;21,19;5,86;3,49;66,33;0,91;0,62;0,10;1260;0,84;58,60;16,57;9,63;10,62;0,51;0,77;3061;15,70;24,60;;
28.12.2025;21,33;5,75;3,48;66,32;0,88;0,64;0,10;1207;0,98;57,77;17,60;9,36;10,59;0,52;0,79;3038;14,90;23,70;;
29.12.2025;21,18;5,65;3,49;66,58;0,88;0,61;0,10;1238;1,12;60,05;15,44;9,07;10,62;0,50;0,76;3085;16,20;25,60;;
30.12.2025;21,09;5,55;3,49;66,79;0,91;0,60;0,11;1219;1,12;62,18;13,58;8,81;10,62;0,50;0,77;3002;15,00;;;
31.12.2025;21,13;5,56;3,54;66,71;0,90;0,60;0,10;1230;0,98;62,01;13,83;8,75;10,77;0,49;0,75;3067;;;;
